ipc_id,project_id,ipc_number,period_from,period_to,submission_date,gross_value_aed,cumulative_value_aed,retention_aed,deductions_aed,net_certified_aed,status,payment_date
IPC-PRJ-001-001,PRJ-001,1,2022-05-04,2022-06-03,2022-06-03,9777516,9777516,977751,54224,8745541,Certified,
IPC-PRJ-001-002,PRJ-001,2,2022-06-03,2022-07-03,2022-07-03,9777516,19555032,977751,456547,8343218,Certified,2022-08-20
IPC-PRJ-001-003,PRJ-001,3,2022-07-03,2022-08-02,2022-08-02,9777516,29332548,977751,18528,8781237,Paid,2022-09-07
IPC-PRJ-001-004,PRJ-001,4,2022-08-02,2022-09-01,2022-09-01,9777516,39110064,977751,17479,8782286,Certified,2022-10-22
IPC-PRJ-001-005,PRJ-001,5,2022-09-01,2022-10-01,2022-10-01,9777516,48887580,977751,483041,8316724,Paid,
IPC-PRJ-001-006,PRJ-001,6,2022-10-01,2022-10-31,2022-10-31,9777516,58665096,977751,451072,8348693,Certified,2022-12-24
IPC-PRJ-001-007,PRJ-001,7,2022-10-31,2022-11-30,2022-11-30,9777516,68442612,977751,270475,8529290,Submitted,2023-01-04
IPC-PRJ-001-008,PRJ-001,8,2022-11-30,2022-12-30,2022-12-30,9777516,78220128,977751,104307,8695458,Paid,2023-02-08
IPC-PRJ-001-009,PRJ-001,9,2022-12-30,2023-01-29,2023-01-29,9777516,87997644,977751,349547,8450218,Certified,
IPC-PRJ-001-010,PRJ-001,10,2023-01-29,2023-02-28,2023-02-28,9777516,97775160,977751,209238,8590527,Certified,2023-04-28
IPC-PRJ-002-001,PRJ-002,1,2022-05-19,2022-06-18,2022-06-18,27284039,27284039,2728403,733785,23821851,Paid,2022-08-12
IPC-PRJ-002-002,PRJ-002,2,2022-06-18,2022-07-18,2022-07-18,27284039,54568078,2728403,510685,24044951,Paid,2022-09-11
IPC-PRJ-002-003,PRJ-002,3,2022-07-18,2022-08-17,2022-08-17,27284039,81852117,2728403,686071,23869565,Certified,
IPC-PRJ-002-004,PRJ-002,4,2022-08-17,2022-09-16,2022-09-16,27284039,109136156,2728403,6302,24549334,Certified,2022-11-09
IPC-PRJ-002-005,PRJ-002,5,2022-09-16,2022-10-16,2022-10-16,27284039,136420195,2728403,1339669,23215967,Paid,2022-11-30
IPC-PRJ-002-006,PRJ-002,6,2022-10-16,2022-11-15,2022-11-15,27284039,163704234,2728403,274388,24281248,Certified,2022-12-24
IPC-PRJ-002-007,PRJ-002,7,2022-11-15,2022-12-15,2022-12-15,27284039,190988273,2728403,81997,24473639,Under Review,2023-02-09
IPC-PRJ-002-008,PRJ-002,8,2022-12-15,2023-01-14,2023-01-14,27284039,218272312,2728403,1118187,23437449,Paid,2023-03-01
IPC-PRJ-002-009,PRJ-002,9,2023-01-14,2023-02-13,2023-02-13,27284039,245556351,2728403,1149496,23406140,Submitted,
IPC-PRJ-002-010,PRJ-002,10,2023-02-13,2023-03-15,2023-03-15,27284039,272840390,2728403,1133677,23421959,Certified,2023-04-30
IPC-PRJ-003-001,PRJ-003,1,2023-10-17,2023-11-16,2023-11-16,34363368,34363368,3436336,938588,29988444,Under Review,
IPC-PRJ-003-002,PRJ-003,2,2023-11-16,2023-12-16,2023-12-16,34363368,68726736,3436336,1015925,29911107,Paid,
IPC-PRJ-003-003,PRJ-003,3,2023-12-16,2024-01-15,2024-01-15,34363368,103090104,3436336,754532,30172500,Certified,2024-02-15
IPC-PRJ-003-004,PRJ-003,4,2024-01-15,2024-02-14,2024-02-14,34363368,137453472,3436336,1103930,29823102,Submitted,
IPC-PRJ-003-005,PRJ-003,5,2024-02-14,2024-03-15,2024-03-15,34363368,171816840,3436336,239371,30687661,Submitted,2024-04-16
IPC-PRJ-003-006,PRJ-003,6,2024-03-15,2024-04-14,2024-04-14,34363368,206180208,3436336,775628,30151404,Submitted,2024-06-06
IPC-PRJ-003-007,PRJ-003,7,2024-04-14,2024-05-14,2024-05-14,34363368,240543576,3436336,1599551,29327481,Certified,2024-06-16
IPC-PRJ-003-008,PRJ-003,8,2024-05-14,2024-06-13,2024-06-13,34363368,274906944,3436336,851584,30075448,Certified,
IPC-PRJ-003-009,PRJ-003,9,2024-06-13,2024-07-13,2024-07-13,34363368,309270312,3436336,1407434,29519598,Submitted,2024-09-02
IPC-PRJ-003-010,PRJ-003,10,2024-07-13,2024-08-12,2024-08-12,34363368,343633680,3436336,240292,30686740,Submitted,2024-09-22
IPC-PRJ-004-001,PRJ-004,1,2021-04-06,2021-05-06,2021-05-06,15018905,15018905,1501890,660274,12856741,Certified,2021-06-07
IPC-PRJ-004-002,PRJ-004,2,2021-05-06,2021-06-05,2021-06-05,15018905,30037810,1501890,242176,13274839,Paid,
IPC-PRJ-004-003,PRJ-004,3,2021-06-05,2021-07-05,2021-07-05,15018905,45056715,1501890,738856,12778159,Certified,2021-08-24
IPC-PRJ-004-004,PRJ-004,4,2021-07-05,2021-08-04,2021-08-04,15018905,60075620,1501890,373601,13143414,Submitted,
IPC-PRJ-004-005,PRJ-004,5,2021-08-04,2021-09-03,2021-09-03,15018905,75094525,1501890,327039,13189976,Certified,2021-10-04
IPC-PRJ-004-006,PRJ-004,6,2021-09-03,2021-10-03,2021-10-03,15018905,90113430,1501890,671845,12845170,Paid,2021-11-06
IPC-PRJ-004-007,PRJ-004,7,2021-10-03,2021-11-02,2021-11-02,15018905,105132335,1501890,656611,12860404,Certified,
IPC-PRJ-004-008,PRJ-004,8,2021-11-02,2021-12-02,2021-12-02,15018905,120151240,1501890,598400,12918615,Paid,2022-01-30
IPC-PRJ-004-009,PRJ-004,9,2021-12-02,2022-01-01,2022-01-01,15018905,135170145,1501890,682431,12834584,Certified,2022-02-25
IPC-PRJ-004-010,PRJ-004,10,2022-01-01,2022-01-31,2022-01-31,15018905,150189050,1501890,322699,13194316,Paid,
IPC-PRJ-005-001,PRJ-005,1,2020-04-17,2020-05-17,2020-05-17,9069791,9069791,906979,229163,7933649,Paid,2020-07-08
IPC-PRJ-005-002,PRJ-005,2,2020-05-17,2020-06-16,2020-06-16,9069791,18139582,906979,446850,7715962,Paid,2020-08-15
IPC-PRJ-005-003,PRJ-005,3,2020-06-16,2020-07-16,2020-07-16,9069791,27209373,906979,21349,8141463,Paid,
IPC-PRJ-005-004,PRJ-005,4,2020-07-16,2020-08-15,2020-08-15,9069791,36279164,906979,343626,7819186,Certified,
IPC-PRJ-005-005,PRJ-005,5,2020-08-15,2020-09-14,2020-09-14,9069791,45348955,906979,114050,8048762,Certified,
IPC-PRJ-005-006,PRJ-005,6,2020-09-14,2020-10-14,2020-10-14,9069791,54418746,906979,73455,8089357,Under Review,2020-11-23
IPC-PRJ-005-007,PRJ-005,7,2020-10-14,2020-11-13,2020-11-13,9069791,63488537,906979,404339,7758473,Paid,2020-12-16
IPC-PRJ-005-008,PRJ-005,8,2020-11-13,2020-12-13,2020-12-13,9069791,72558328,906979,254024,7908788,Submitted,2021-01-19
IPC-PRJ-005-009,PRJ-005,9,2020-12-13,2021-01-12,2021-01-12,9069791,81628119,906979,123581,8039231,Certified,
IPC-PRJ-005-010,PRJ-005,10,2021-01-12,2021-02-11,2021-02-11,9069791,90697910,906979,400124,7762688,Certified,2021-04-03
IPC-PRJ-006-001,PRJ-006,1,2025-03-22,2025-04-21,2025-04-21,45555401,45555401,4555540,771658,40228203,Certified,
IPC-PRJ-006-002,PRJ-006,2,2025-04-21,2025-05-21,2025-05-21,45555401,91110802,4555540,1706962,39292899,Certified,2025-07-11
IPC-PRJ-006-003,PRJ-006,3,2025-05-21,2025-06-20,2025-06-20,45555401,136666203,4555540,147714,40852147,Submitted,2025-07-28
IPC-PRJ-007-001,PRJ-007,1,2025-04-07,2025-05-07,2025-05-07,10605717,10605717,1060571,374305,9170841,Under Review,2025-07-06
IPC-PRJ-007-002,PRJ-007,2,2025-05-07,2025-06-06,2025-06-06,10605717,21211434,1060571,19061,9526085,Certified,2025-08-02
IPC-PRJ-007-003,PRJ-007,3,2025-06-06,2025-07-06,2025-07-06,10605717,31817151,1060571,437380,9107766,Certified,2025-08-31
IPC-PRJ-007-004,PRJ-007,4,2025-07-06,2025-08-05,2025-08-05,10605717,42422868,1060571,331536,9213610,Submitted,2025-09-25
IPC-PRJ-007-005,PRJ-007,5,2025-08-05,2025-09-04,2025-09-04,10605717,53028585,1060571,394767,9150379,Submitted,2025-10-05
IPC-PRJ-007-006,PRJ-007,6,2025-09-04,2025-10-04,2025-10-04,10605717,63634302,1060571,526345,9018801,Certified,
IPC-PRJ-007-007,PRJ-007,7,2025-10-04,2025-11-03,2025-11-03,10605717,74240019,1060571,521998,9023148,Submitted,2025-12-19
IPC-PRJ-008-001,PRJ-008,1,2025-03-31,2025-04-30,2025-04-30,18309832,18309832,1830983,121326,16357523,Certified,2025-06-29
IPC-PRJ-008-002,PRJ-008,2,2025-04-30,2025-05-30,2025-05-30,18309832,36619664,1830983,559209,15919640,Paid,
IPC-PRJ-008-003,PRJ-008,3,2025-05-30,2025-06-29,2025-06-29,18309832,54929496,1830983,18683,16460166,Under Review,2025-08-15
IPC-PRJ-009-001,PRJ-009,1,2022-02-02,2022-03-04,2022-03-04,45945096,45945096,4594509,1233366,40117221,Certified,2022-04-24
IPC-PRJ-009-002,PRJ-009,2,2022-03-04,2022-04-03,2022-04-03,45945096,91890192,4594509,757630,40592957,Paid,
IPC-PRJ-009-003,PRJ-009,3,2022-04-03,2022-05-03,2022-05-03,45945096,137835288,4594509,229214,41121373,Submitted,2022-06-12
IPC-PRJ-009-004,PRJ-009,4,2022-05-03,2022-06-02,2022-06-02,45945096,183780384,4594509,1095170,40255417,Certified,2022-07-06
IPC-PRJ-009-005,PRJ-009,5,2022-06-02,2022-07-02,2022-07-02,45945096,229725480,4594509,1550602,39799985,Certified,
IPC-PRJ-009-006,PRJ-009,6,2022-07-02,2022-08-01,2022-08-01,45945096,275670576,4594509,649226,40701361,Certified,
IPC-PRJ-009-007,PRJ-009,7,2022-08-01,2022-08-31,2022-08-31,45945096,321615672,4594509,453005,40897582,Under Review,2022-10-18
IPC-PRJ-009-008,PRJ-009,8,2022-08-31,2022-09-30,2022-09-30,45945096,367560768,4594509,2099578,39251009,Certified,2022-11-23
IPC-PRJ-009-009,PRJ-009,9,2022-09-30,2022-10-30,2022-10-30,45945096,413505864,4594509,678639,40671948,Paid,2022-12-14
IPC-PRJ-009-010,PRJ-009,10,2022-10-30,2022-11-29,2022-11-29,45945096,459450960,4594509,1296372,40054215,Certified,
IPC-PRJ-010-001,PRJ-010,1,2022-07-05,2022-08-04,2022-08-04,7825692,7825692,782569,19464,7023659,Paid,
IPC-PRJ-010-002,PRJ-010,2,2022-08-04,2022-09-03,2022-09-03,7825692,15651384,782569,295734,6747389,Paid,2022-10-28
IPC-PRJ-010-003,PRJ-010,3,2022-09-03,2022-10-03,2022-10-03,7825692,23477076,782569,236638,6806485,Submitted,2022-11-09
IPC-PRJ-010-004,PRJ-010,4,2022-10-03,2022-11-02,2022-11-02,7825692,31302768,782569,341850,6701273,Under Review,
IPC-PRJ-010-005,PRJ-010,5,2022-11-02,2022-12-02,2022-12-02,7825692,39128460,782569,176607,6866516,Certified,
IPC-PRJ-010-006,PRJ-010,6,2022-12-02,2023-01-01,2023-01-01,7825692,46954152,782569,222456,6820667,Submitted,2023-02-05
IPC-PRJ-010-007,PRJ-010,7,2023-01-01,2023-01-31,2023-01-31,7825692,54779844,782569,200621,6842502,Submitted,
IPC-PRJ-010-008,PRJ-010,8,2023-01-31,2023-03-02,2023-03-02,7825692,62605536,782569,132369,6910754,Certified,
IPC-PRJ-010-009,PRJ-010,9,2023-03-02,2023-04-01,2023-04-01,7825692,70431228,782569,218833,6824290,Certified,
IPC-PRJ-010-010,PRJ-010,10,2023-04-01,2023-05-01,2023-05-01,7825692,78256920,782569,138888,6904235,Certified,2023-06-11
IPC-PRJ-011-001,PRJ-011,1,2024-03-30,2024-04-29,2024-04-29,20814342,20814342,2081434,194358,18538550,Certified,
IPC-PRJ-011-002,PRJ-011,2,2024-04-29,2024-05-29,2024-05-29,20814342,41628684,2081434,1015593,17717315,Certified,2024-07-14
IPC-PRJ-011-003,PRJ-011,3,2024-05-29,2024-06-28,2024-06-28,20814342,62443026,2081434,775795,17957113,Paid,
IPC-PRJ-011-004,PRJ-011,4,2024-06-28,2024-07-28,2024-07-28,20814342,83257368,2081434,946786,17786122,Certified,2024-09-05
IPC-PRJ-012-001,PRJ-012,1,2023-07-04,2023-08-03,2023-08-03,34840774,34840774,3484077,1527566,29829131,Certified,
IPC-PRJ-012-002,PRJ-012,2,2023-08-03,2023-09-02,2023-09-02,34840774,69681548,3484077,1383826,29972871,Paid,2023-10-27
IPC-PRJ-012-003,PRJ-012,3,2023-09-02,2023-10-02,2023-10-02,34840774,104522322,3484077,240131,31116566,Under Review,2023-11-27
IPC-PRJ-012-004,PRJ-012,4,2023-10-02,2023-11-01,2023-11-01,34840774,139363096,3484077,970786,30385911,Paid,
IPC-PRJ-012-005,PRJ-012,5,2023-11-01,2023-12-01,2023-12-01,34840774,174203870,3484077,1247673,30109024,Paid,2024-01-13
IPC-PRJ-012-006,PRJ-012,6,2023-12-01,2023-12-31,2023-12-31,34840774,209044644,3484077,283193,31073504,Submitted,2024-02-24
IPC-PRJ-012-007,PRJ-012,7,2023-12-31,2024-01-30,2024-01-30,34840774,243885418,3484077,1148360,30208337,Under Review,2024-03-19
IPC-PRJ-012-008,PRJ-012,8,2024-01-30,2024-02-29,2024-02-29,34840774,278726192,3484077,822454,30534243,Certified,2024-04-08
IPC-PRJ-012-009,PRJ-012,9,2024-02-29,2024-03-30,2024-03-30,34840774,313566966,3484077,364105,30992592,Certified,2024-04-29
IPC-PRJ-012-010,PRJ-012,10,2024-03-30,2024-04-29,2024-04-29,34840774,348407740,3484077,1478562,29878135,Certified,
IPC-PRJ-013-001,PRJ-013,1,2024-09-06,2024-10-06,2024-10-06,24478262,24478262,2447826,253892,21776544,Certified,2024-12-02
IPC-PRJ-013-002,PRJ-013,2,2024-10-06,2024-11-05,2024-11-05,24478262,48956524,2447826,566777,21463659,Submitted,2024-12-18
IPC-PRJ-013-003,PRJ-013,3,2024-11-05,2024-12-05,2024-12-05,24478262,73434786,2447826,259992,21770444,Under Review,2025-01-13
IPC-PRJ-013-004,PRJ-013,4,2024-12-05,2025-01-04,2025-01-04,24478262,97913048,2447826,324895,21705541,Certified,2025-02-15
IPC-PRJ-014-001,PRJ-014,1,2024-01-28,2024-02-27,2024-02-27,39830330,39830330,3983033,181012,35666285,Paid,
IPC-PRJ-014-002,PRJ-014,2,2024-02-27,2024-03-28,2024-03-28,39830330,79660660,3983033,1713908,34133389,Certified,2024-05-23
IPC-PRJ-014-003,PRJ-014,3,2024-03-28,2024-04-27,2024-04-27,39830330,119490990,3983033,185146,35662151,Under Review,2024-06-26
IPC-PRJ-015-001,PRJ-015,1,2020-07-08,2020-08-07,2020-08-07,43406431,43406431,4340643,515400,38550388,Paid,2020-09-08
IPC-PRJ-015-002,PRJ-015,2,2020-08-07,2020-09-06,2020-09-06,43406431,86812862,4340643,37303,39028485,Paid,2020-10-14
IPC-PRJ-015-003,PRJ-015,3,2020-09-06,2020-10-06,2020-10-06,43406431,130219293,4340643,555845,38509943,Paid,2020-11-09
IPC-PRJ-015-004,PRJ-015,4,2020-10-06,2020-11-05,2020-11-05,43406431,173625724,4340643,2018478,37047310,Certified,
IPC-PRJ-015-005,PRJ-015,5,2020-11-05,2020-12-05,2020-12-05,43406431,217032155,4340643,1685955,37379833,Paid,2021-01-05
IPC-PRJ-015-006,PRJ-015,6,2020-12-05,2021-01-04,2021-01-04,43406431,260438586,4340643,2141417,36924371,Certified,2021-02-19
IPC-PRJ-015-007,PRJ-015,7,2021-01-04,2021-02-03,2021-02-03,43406431,303845017,4340643,721097,38344691,Paid,
IPC-PRJ-015-008,PRJ-015,8,2021-02-03,2021-03-05,2021-03-05,43406431,347251448,4340643,655796,38409992,Certified,
IPC-PRJ-015-009,PRJ-015,9,2021-03-05,2021-04-04,2021-04-04,43406431,390657879,4340643,1641195,37424593,Under Review,
IPC-PRJ-015-010,PRJ-015,10,2021-04-04,2021-05-04,2021-05-04,43406431,434064310,4340643,136814,38928974,Paid,2021-06-24
IPC-PRJ-016-001,PRJ-016,1,2020-09-29,2020-10-29,2020-10-29,48717674,48717674,4871767,888736,42957171,Certified,2020-12-01
IPC-PRJ-016-002,PRJ-016,2,2020-10-29,2020-11-28,2020-11-28,48717674,97435348,4871767,1041154,42804753,Under Review,2021-01-02
IPC-PRJ-016-003,PRJ-016,3,2020-11-28,2020-12-28,2020-12-28,48717674,146153022,4871767,1892897,41953010,Under Review,
IPC-PRJ-016-004,PRJ-016,4,2020-12-28,2021-01-27,2021-01-27,48717674,194870696,4871767,1717258,42128649,Under Review,2021-03-27
IPC-PRJ-016-005,PRJ-016,5,2021-01-27,2021-02-26,2021-02-26,48717674,243588370,4871767,1801640,42044267,Certified,
IPC-PRJ-016-006,PRJ-016,6,2021-02-26,2021-03-28,2021-03-28,48717674,292306044,4871767,1408208,42437699,Paid,2021-05-24
IPC-PRJ-016-007,PRJ-016,7,2021-03-28,2021-04-27,2021-04-27,48717674,341023718,4871767,518504,43327403,Paid,2021-06-05
IPC-PRJ-016-008,PRJ-016,8,2021-04-27,2021-05-27,2021-05-27,48717674,389741392,4871767,1613982,42231925,Paid,2021-07-16
IPC-PRJ-016-009,PRJ-016,9,2021-05-27,2021-06-26,2021-06-26,48717674,438459066,4871767,1920171,41925736,Certified,2021-07-30
IPC-PRJ-016-010,PRJ-016,10,2021-06-26,2021-07-26,2021-07-26,48717674,487176740,4871767,2412470,41433437,Certified,
IPC-PRJ-017-001,PRJ-017,1,2022-05-19,2022-06-18,2022-06-18,5936237,5936237,593623,101650,5240964,Submitted,
IPC-PRJ-017-002,PRJ-017,2,2022-06-18,2022-07-18,2022-07-18,5936237,11872474,593623,256368,5086246,Certified,2022-09-01
IPC-PRJ-017-003,PRJ-017,3,2022-07-18,2022-08-17,2022-08-17,5936237,17808711,593623,82304,5260310,Paid,2022-09-28
IPC-PRJ-017-004,PRJ-017,4,2022-08-17,2022-09-16,2022-09-16,5936237,23744948,593623,214365,5128249,Paid,
IPC-PRJ-017-005,PRJ-017,5,2022-09-16,2022-10-16,2022-10-16,5936237,29681185,593623,2399,5340215,Paid,2022-11-27
IPC-PRJ-017-006,PRJ-017,6,2022-10-16,2022-11-15,2022-11-15,5936237,35617422,593623,221612,5121002,Certified,2022-12-21
IPC-PRJ-017-007,PRJ-017,7,2022-11-15,2022-12-15,2022-12-15,5936237,41553659,593623,97897,5244717,Submitted,
IPC-PRJ-017-008,PRJ-017,8,2022-12-15,2023-01-14,2023-01-14,5936237,47489896,593623,208054,5134560,Submitted,2023-03-07
IPC-PRJ-017-009,PRJ-017,9,2023-01-14,2023-02-13,2023-02-13,5936237,53426133,593623,108209,5234405,Submitted,2023-04-03
IPC-PRJ-017-010,PRJ-017,10,2023-02-13,2023-03-15,2023-03-15,5936237,59362370,593623,7766,5334848,Certified,
IPC-PRJ-018-001,PRJ-018,1,2023-04-04,2023-05-04,2023-05-04,13253276,13253276,1325327,43233,11884716,Under Review,2023-06-20
IPC-PRJ-018-002,PRJ-018,2,2023-05-04,2023-06-03,2023-06-03,13253276,26506552,1325327,232373,11695576,Under Review,
IPC-PRJ-018-003,PRJ-018,3,2023-06-03,2023-07-03,2023-07-03,13253276,39759828,1325327,334388,11593561,Paid,2023-08-25
IPC-PRJ-018-004,PRJ-018,4,2023-07-03,2023-08-02,2023-08-02,13253276,53013104,1325327,100491,11827458,Paid,
IPC-PRJ-018-005,PRJ-018,5,2023-08-02,2023-09-01,2023-09-01,13253276,66266380,1325327,417346,11510603,Certified,
IPC-PRJ-018-006,PRJ-018,6,2023-09-01,2023-10-01,2023-10-01,13253276,79519656,1325327,11881,11916068,Under Review,
IPC-PRJ-018-007,PRJ-018,7,2023-10-01,2023-10-31,2023-10-31,13253276,92772932,1325327,141738,11786211,Paid,
IPC-PRJ-018-008,PRJ-018,8,2023-10-31,2023-11-30,2023-11-30,13253276,106026208,1325327,125025,11802924,Paid,
IPC-PRJ-018-009,PRJ-018,9,2023-11-30,2023-12-30,2023-12-30,13253276,119279484,1325327,554178,11373771,Paid,2024-02-17
IPC-PRJ-018-010,PRJ-018,10,2023-12-30,2024-01-29,2024-01-29,13253276,132532760,1325327,383112,11544837,Under Review,
IPC-PRJ-019-001,PRJ-019,1,2021-03-02,2021-04-01,2021-04-01,44732649,44732649,4473264,1483153,38776232,Certified,2021-05-22
IPC-PRJ-019-002,PRJ-019,2,2021-04-01,2021-05-01,2021-05-01,44732649,89465298,4473264,1010699,39248686,Paid,2021-06-29
IPC-PRJ-019-003,PRJ-019,3,2021-05-01,2021-05-31,2021-05-31,44732649,134197947,4473264,395301,39864084,Certified,2021-07-08
IPC-PRJ-019-004,PRJ-019,4,2021-05-31,2021-06-30,2021-06-30,44732649,178930596,4473264,363170,39896215,Certified,2021-08-01
IPC-PRJ-019-005,PRJ-019,5,2021-06-30,2021-07-30,2021-07-30,44732649,223663245,4473264,90130,40169255,Paid,2021-09-11
IPC-PRJ-019-006,PRJ-019,6,2021-07-30,2021-08-29,2021-08-29,44732649,268395894,4473264,51640,40207745,Paid,2021-10-03
IPC-PRJ-019-007,PRJ-019,7,2021-08-29,2021-09-28,2021-09-28,44732649,313128543,4473264,988515,39270870,Paid,2021-10-29
IPC-PRJ-019-008,PRJ-019,8,2021-09-28,2021-10-28,2021-10-28,44732649,357861192,4473264,1215105,39044280,Certified,
IPC-PRJ-019-009,PRJ-019,9,2021-10-28,2021-11-27,2021-11-27,44732649,402593841,4473264,592019,39667366,Certified,2022-01-16
IPC-PRJ-019-010,PRJ-019,10,2021-11-27,2021-12-27,2021-12-27,44732649,447326490,4473264,732280,39527105,Under Review,2022-02-25
IPC-PRJ-020-001,PRJ-020,1,2023-07-26,2023-08-25,2023-08-25,17054596,17054596,1705459,518475,14830662,Paid,2023-09-28
IPC-PRJ-020-002,PRJ-020,2,2023-08-25,2023-09-24,2023-09-24,17054596,34109192,1705459,151631,15197506,Certified,
IPC-PRJ-020-003,PRJ-020,3,2023-09-24,2023-10-24,2023-10-24,17054596,51163788,1705459,819798,14529339,Paid,2023-11-27
IPC-PRJ-020-004,PRJ-020,4,2023-10-24,2023-11-23,2023-11-23,17054596,68218384,1705459,446967,14902170,Paid,
IPC-PRJ-020-005,PRJ-020,5,2023-11-23,2023-12-23,2023-12-23,17054596,85272980,1705459,830550,14518587,Under Review,2024-02-21
IPC-PRJ-020-006,PRJ-020,6,2023-12-23,2024-01-22,2024-01-22,17054596,102327576,1705459,436009,14913128,Under Review,
IPC-PRJ-020-007,PRJ-020,7,2024-01-22,2024-02-21,2024-02-21,17054596,119382172,1705459,555080,14794057,Certified,
IPC-PRJ-020-008,PRJ-020,8,2024-02-21,2024-03-22,2024-03-22,17054596,136436768,1705459,338772,15010365,Certified,2024-05-19
IPC-PRJ-020-009,PRJ-020,9,2024-03-22,2024-04-21,2024-04-21,17054596,153491364,1705459,610202,14738935,Certified,2024-05-21
IPC-PRJ-020-010,PRJ-020,10,2024-04-21,2024-05-21,2024-05-21,17054596,170545960,1705459,413855,14935282,Under Review,2024-07-18
IPC-PRJ-021-001,PRJ-021,1,2021-09-11,2021-10-11,2021-10-11,24432377,24432377,2443237,1097761,20891379,Submitted,
IPC-PRJ-021-002,PRJ-021,2,2021-10-11,2021-11-10,2021-11-10,24432377,48864754,2443237,1001628,20987512,Paid,2022-01-06
IPC-PRJ-021-003,PRJ-021,3,2021-11-10,2021-12-10,2021-12-10,24432377,73297131,2443237,886365,21102775,Paid,2022-02-07
IPC-PRJ-021-004,PRJ-021,4,2021-12-10,2022-01-09,2022-01-09,24432377,97729508,2443237,784689,21204451,Submitted,2022-02-14
IPC-PRJ-021-005,PRJ-021,5,2022-01-09,2022-02-08,2022-02-08,24432377,122161885,2443237,878177,21110963,Paid,
IPC-PRJ-021-006,PRJ-021,6,2022-02-08,2022-03-10,2022-03-10,24432377,146594262,2443237,820685,21168455,Paid,2022-04-30
IPC-PRJ-021-007,PRJ-021,7,2022-03-10,2022-04-09,2022-04-09,24432377,171026639,2443237,343846,21645294,Submitted,
IPC-PRJ-021-008,PRJ-021,8,2022-04-09,2022-05-09,2022-05-09,24432377,195459016,2443237,928041,21061099,Under Review,2022-06-14
IPC-PRJ-021-009,PRJ-021,9,2022-05-09,2022-06-08,2022-06-08,24432377,219891393,2443237,113071,21876069,Paid,2022-07-22
IPC-PRJ-021-010,PRJ-021,10,2022-06-08,2022-07-08,2022-07-08,24432377,244323770,2443237,173554,21815586,Certified,2022-08-25
IPC-PRJ-022-001,PRJ-022,1,2024-06-21,2024-07-21,2024-07-21,36370556,36370556,3637055,37518,32695983,Under Review,2024-09-08
IPC-PRJ-022-002,PRJ-022,2,2024-07-21,2024-08-20,2024-08-20,36370556,72741112,3637055,325171,32408330,Submitted,2024-09-29
IPC-PRJ-022-003,PRJ-022,3,2024-08-20,2024-09-19,2024-09-19,36370556,109111668,3637055,1773181,30960320,Paid,2024-10-24
IPC-PRJ-022-004,PRJ-022,4,2024-09-19,2024-10-19,2024-10-19,36370556,145482224,3637055,834255,31899246,Submitted,2024-12-08
IPC-PRJ-022-005,PRJ-022,5,2024-10-19,2024-11-18,2024-11-18,36370556,181852780,3637055,371764,32361737,Paid,2025-01-02
IPC-PRJ-022-006,PRJ-022,6,2024-11-18,2024-12-18,2024-12-18,36370556,218223336,3637055,598561,32134940,Paid,2025-02-14
IPC-PRJ-022-007,PRJ-022,7,2024-12-18,2025-01-17,2025-01-17,36370556,254593892,3637055,1370020,31363481,Certified,2025-03-10
IPC-PRJ-022-008,PRJ-022,8,2025-01-17,2025-02-16,2025-02-16,36370556,290964448,3637055,1120426,31613075,Paid,2025-03-20
IPC-PRJ-022-009,PRJ-022,9,2025-02-16,2025-03-18,2025-03-18,36370556,327335004,3637055,484518,32248983,Under Review,2025-05-04
IPC-PRJ-022-010,PRJ-022,10,2025-03-18,2025-04-17,2025-04-17,36370556,363705560,3637055,245795,32487706,Certified,2025-05-21
IPC-PRJ-023-001,PRJ-023,1,2022-02-13,2022-03-15,2022-03-15,47833431,47833431,4783343,869114,42180974,Under Review,
IPC-PRJ-023-002,PRJ-023,2,2022-03-15,2022-04-14,2022-04-14,47833431,95666862,4783343,1902175,41147913,Paid,2022-06-13
IPC-PRJ-023-003,PRJ-023,3,2022-04-14,2022-05-14,2022-05-14,47833431,143500293,4783343,1375621,41674467,Certified,
IPC-PRJ-023-004,PRJ-023,4,2022-05-14,2022-06-13,2022-06-13,47833431,191333724,4783343,1244513,41805575,Paid,2022-08-03
IPC-PRJ-023-005,PRJ-023,5,2022-06-13,2022-07-13,2022-07-13,47833431,239167155,4783343,1043632,42006456,Paid,2022-09-08
IPC-PRJ-023-006,PRJ-023,6,2022-07-13,2022-08-12,2022-08-12,47833431,287000586,4783343,1240421,41809667,Certified,2022-09-22
IPC-PRJ-023-007,PRJ-023,7,2022-08-12,2022-09-11,2022-09-11,47833431,334834017,4783343,1223231,41826857,Under Review,2022-10-27
IPC-PRJ-023-008,PRJ-023,8,2022-09-11,2022-10-11,2022-10-11,47833431,382667448,4783343,2252362,40797726,Certified,2022-11-21
IPC-PRJ-023-009,PRJ-023,9,2022-10-11,2022-11-10,2022-11-10,47833431,430500879,4783343,1125187,41924901,Certified,2022-12-11
IPC-PRJ-023-010,PRJ-023,10,2022-11-10,2022-12-10,2022-12-10,47833431,478334310,4783343,1994609,41055479,Paid,2023-01-27
IPC-PRJ-024-001,PRJ-024,1,2025-05-13,2025-06-12,2025-06-12,41151261,41151261,4115126,364274,36671861,Paid,2025-08-05
IPC-PRJ-024-002,PRJ-024,2,2025-06-12,2025-07-12,2025-07-12,41151261,82302522,4115126,898636,36137499,Under Review,2025-08-30
IPC-PRJ-024-003,PRJ-024,3,2025-07-12,2025-08-11,2025-08-11,41151261,123453783,4115126,1752876,35283259,Paid,
IPC-PRJ-025-001,PRJ-025,1,2024-08-16,2024-09-15,2024-09-15,17666419,17666419,1766641,883184,15016594,Certified,2024-11-04
IPC-PRJ-025-002,PRJ-025,2,2024-09-15,2024-10-15,2024-10-15,17666419,35332838,1766641,681120,15218658,Certified,2024-11-22
IPC-PRJ-026-001,PRJ-026,1,2020-03-01,2020-03-31,2020-03-31,6540809,6540809,654080,176256,5710473,Paid,
IPC-PRJ-026-002,PRJ-026,2,2020-03-31,2020-04-30,2020-04-30,6540809,13081618,654080,258388,5628341,Certified,
IPC-PRJ-026-003,PRJ-026,3,2020-04-30,2020-05-30,2020-05-30,6540809,19622427,654080,262039,5624690,Paid,2020-06-30
IPC-PRJ-026-004,PRJ-026,4,2020-05-30,2020-06-29,2020-06-29,6540809,26163236,654080,323523,5563206,Paid,
IPC-PRJ-026-005,PRJ-026,5,2020-06-29,2020-07-29,2020-07-29,6540809,32704045,654080,98715,5788014,Submitted,2020-09-01
IPC-PRJ-026-006,PRJ-026,6,2020-07-29,2020-08-28,2020-08-28,6540809,39244854,654080,49802,5836927,Paid,2020-10-22
IPC-PRJ-026-007,PRJ-026,7,2020-08-28,2020-09-27,2020-09-27,6540809,45785663,654080,119024,5767705,Certified,2020-11-18
IPC-PRJ-026-008,PRJ-026,8,2020-09-27,2020-10-27,2020-10-27,6540809,52326472,654080,262313,5624416,Submitted,
IPC-PRJ-026-009,PRJ-026,9,2020-10-27,2020-11-26,2020-11-26,6540809,58867281,654080,109826,5776903,Under Review,
IPC-PRJ-026-010,PRJ-026,10,2020-11-26,2020-12-26,2020-12-26,6540809,65408090,654080,196481,5690248,Paid,2021-02-07
IPC-PRJ-027-001,PRJ-027,1,2023-04-03,2023-05-03,2023-05-03,47751930,47751930,4775193,1109989,41866748,Submitted,
IPC-PRJ-027-002,PRJ-027,2,2023-05-03,2023-06-02,2023-06-02,47751930,95503860,4775193,349788,42626949,Certified,2023-07-04
IPC-PRJ-027-003,PRJ-027,3,2023-06-02,2023-07-02,2023-07-02,47751930,143255790,4775193,838425,42138312,Under Review,2023-08-01
IPC-PRJ-027-004,PRJ-027,4,2023-07-02,2023-08-01,2023-08-01,47751930,191007720,4775193,1823594,41153143,Under Review,2023-09-25
IPC-PRJ-027-005,PRJ-027,5,2023-08-01,2023-08-31,2023-08-31,47751930,238759650,4775193,1607328,41369409,Submitted,2023-10-06
IPC-PRJ-027-006,PRJ-027,6,2023-08-31,2023-09-30,2023-09-30,47751930,286511580,4775193,324059,42652678,Certified,2023-11-03
IPC-PRJ-028-001,PRJ-028,1,2023-01-20,2023-02-19,2023-02-19,2582121,2582121,258212,99684,2224225,Certified,2023-04-19
IPC-PRJ-028-002,PRJ-028,2,2023-02-19,2023-03-21,2023-03-21,2582121,5164242,258212,29716,2294193,Under Review,
IPC-PRJ-028-003,PRJ-028,3,2023-03-21,2023-04-20,2023-04-20,2582121,7746363,258212,12385,2311524,Certified,
IPC-PRJ-028-004,PRJ-028,4,2023-04-20,2023-05-20,2023-05-20,2582121,10328484,258212,72054,2251855,Under Review,
IPC-PRJ-028-005,PRJ-028,5,2023-05-20,2023-06-19,2023-06-19,2582121,12910605,258212,1022,2322887,Submitted,2023-08-10
IPC-PRJ-028-006,PRJ-028,6,2023-06-19,2023-07-19,2023-07-19,2582121,15492726,258212,58835,2265074,Submitted,2023-09-05
IPC-PRJ-028-007,PRJ-028,7,2023-07-19,2023-08-18,2023-08-18,2582121,18074847,258212,38679,2285230,Certified,2023-10-10
IPC-PRJ-028-008,PRJ-028,8,2023-08-18,2023-09-17,2023-09-17,2582121,20656968,258212,32774,2291135,Submitted,2023-10-20
IPC-PRJ-028-009,PRJ-028,9,2023-09-17,2023-10-17,2023-10-17,2582121,23239089,258212,79131,2244778,Paid,2023-11-27
IPC-PRJ-028-010,PRJ-028,10,2023-10-17,2023-11-16,2023-11-16,2582121,25821210,258212,3780,2320129,Paid,
IPC-PRJ-029-001,PRJ-029,1,2024-01-30,2024-02-29,2024-02-29,15550996,15550996,1555099,744228,13251669,Submitted,
IPC-PRJ-029-002,PRJ-029,2,2024-02-29,2024-03-30,2024-03-30,15550996,31101992,1555099,348876,13647021,Certified,2024-05-24
IPC-PRJ-030-001,PRJ-030,1,2024-08-18,2024-09-17,2024-09-17,24214479,24214479,2421447,488112,21304920,Paid,2024-11-11
IPC-PRJ-030-002,PRJ-030,2,2024-09-17,2024-10-17,2024-10-17,24214479,48428958,2421447,874922,20918110,Under Review,2024-11-27
IPC-PRJ-030-003,PRJ-030,3,2024-10-17,2024-11-16,2024-11-16,24214479,72643437,2421447,182511,21610521,Certified,2024-12-23
IPC-PRJ-030-004,PRJ-030,4,2024-11-16,2024-12-16,2024-12-16,24214479,96857916,2421447,758143,21034889,Under Review,
IPC-PRJ-030-005,PRJ-030,5,2024-12-16,2025-01-15,2025-01-15,24214479,121072395,2421447,502914,21290118,Paid,2025-02-18
IPC-PRJ-030-006,PRJ-030,6,2025-01-15,2025-02-14,2025-02-14,24214479,145286874,2421447,389482,21403550,Paid,2025-03-28
IPC-PRJ-031-001,PRJ-031,1,2024-02-14,2024-03-15,2024-03-15,7782644,7782644,778264,251100,6753280,Submitted,
IPC-PRJ-031-002,PRJ-031,2,2024-03-15,2024-04-14,2024-04-14,7782644,15565288,778264,217167,6787213,Certified,2024-05-14
IPC-PRJ-031-003,PRJ-031,3,2024-04-14,2024-05-14,2024-05-14,7782644,23347932,778264,88359,6916021,Certified,2024-07-13
IPC-PRJ-031-004,PRJ-031,4,2024-05-14,2024-06-13,2024-06-13,7782644,31130576,778264,101328,6903052,Certified,2024-07-27
IPC-PRJ-031-005,PRJ-031,5,2024-06-13,2024-07-13,2024-07-13,7782644,38913220,778264,232676,6771704,Certified,
IPC-PRJ-031-006,PRJ-031,6,2024-07-13,2024-08-12,2024-08-12,7782644,46695864,778264,157818,6846562,Paid,
IPC-PRJ-031-007,PRJ-031,7,2024-08-12,2024-09-11,2024-09-11,7782644,54478508,778264,246844,6757536,Submitted,2024-10-17
IPC-PRJ-031-008,PRJ-031,8,2024-09-11,2024-10-11,2024-10-11,7782644,62261152,778264,79250,6925130,Under Review,2024-12-07
IPC-PRJ-032-001,PRJ-032,1,2022-12-04,2023-01-03,2023-01-03,20275743,20275743,2027574,715411,17532758,Paid,2023-03-01
IPC-PRJ-032-002,PRJ-032,2,2023-01-03,2023-02-02,2023-02-02,20275743,40551486,2027574,876539,17371630,Certified,2023-03-25
IPC-PRJ-032-003,PRJ-032,3,2023-02-02,2023-03-04,2023-03-04,20275743,60827229,2027574,805761,17442408,Certified,
IPC-PRJ-032-004,PRJ-032,4,2023-03-04,2023-04-03,2023-04-03,20275743,81102972,2027574,127949,18120220,Certified,2023-06-02
IPC-PRJ-032-005,PRJ-032,5,2023-04-03,2023-05-03,2023-05-03,20275743,101378715,2027574,957018,17291151,Paid,2023-07-01
IPC-PRJ-032-006,PRJ-032,6,2023-05-03,2023-06-02,2023-06-02,20275743,121654458,2027574,884953,17363216,Paid,2023-07-24
IPC-PRJ-032-007,PRJ-032,7,2023-06-02,2023-07-02,2023-07-02,20275743,141930201,2027574,120949,18127220,Certified,2023-08-18
IPC-PRJ-032-008,PRJ-032,8,2023-07-02,2023-08-01,2023-08-01,20275743,162205944,2027574,903732,17344437,Under Review,
IPC-PRJ-032-009,PRJ-032,9,2023-08-01,2023-08-31,2023-08-31,20275743,182481687,2027574,111033,18137136,Certified,2023-10-03
IPC-PRJ-032-010,PRJ-032,10,2023-08-31,2023-09-30,2023-09-30,20275743,202757430,2027574,98163,18150006,Submitted,
IPC-PRJ-033-001,PRJ-033,1,2024-10-23,2024-11-22,2024-11-22,32007893,32007893,3200789,1516909,27290195,Certified,
IPC-PRJ-033-002,PRJ-033,2,2024-11-22,2024-12-22,2024-12-22,32007893,64015786,3200789,613967,28193137,Paid,2025-01-30
IPC-PRJ-033-003,PRJ-033,3,2024-12-22,2025-01-21,2025-01-21,32007893,96023679,3200789,763910,28043194,Certified,2025-03-06
IPC-PRJ-033-004,PRJ-033,4,2025-01-21,2025-02-20,2025-02-20,32007893,128031572,3200789,454732,28352372,Submitted,2025-04-20
IPC-PRJ-033-005,PRJ-033,5,2025-02-20,2025-03-22,2025-03-22,32007893,160039465,3200789,427590,28379514,Certified,
IPC-PRJ-034-001,PRJ-034,1,2024-04-09,2024-05-09,2024-05-09,36883486,36883486,3688348,1554140,31640998,Certified,2024-07-06
IPC-PRJ-034-002,PRJ-034,2,2024-05-09,2024-06-08,2024-06-08,36883486,73766972,3688348,1497278,31697860,Certified,
IPC-PRJ-034-003,PRJ-034,3,2024-06-08,2024-07-08,2024-07-08,36883486,110650458,3688348,1145,33193993,Paid,2024-08-26
IPC-PRJ-034-004,PRJ-034,4,2024-07-08,2024-08-07,2024-08-07,36883486,147533944,3688348,673555,32521583,Certified,2024-09-16
IPC-PRJ-035-001,PRJ-035,1,2022-09-26,2022-10-26,2022-10-26,12513562,12513562,1251356,56103,11206103,Paid,2022-12-18
IPC-PRJ-035-002,PRJ-035,2,2022-10-26,2022-11-25,2022-11-25,12513562,25027124,1251356,5153,11257053,Under Review,
IPC-PRJ-035-003,PRJ-035,3,2022-11-25,2022-12-25,2022-12-25,12513562,37540686,1251356,128184,11134022,Paid,2023-01-26
IPC-PRJ-035-004,PRJ-035,4,2022-12-25,2023-01-24,2023-01-24,12513562,50054248,1251356,516864,10745342,Certified,2023-02-25
IPC-PRJ-035-005,PRJ-035,5,2023-01-24,2023-02-23,2023-02-23,12513562,62567810,1251356,483924,10778282,Submitted,2023-03-31
IPC-PRJ-035-006,PRJ-035,6,2023-02-23,2023-03-25,2023-03-25,12513562,75081372,1251356,38557,11223649,Submitted,
IPC-PRJ-035-007,PRJ-035,7,2023-03-25,2023-04-24,2023-04-24,12513562,87594934,1251356,131829,11130377,Certified,
IPC-PRJ-035-008,PRJ-035,8,2023-04-24,2023-05-24,2023-05-24,12513562,100108496,1251356,232423,11029783,Submitted,2023-07-09
IPC-PRJ-035-009,PRJ-035,9,2023-05-24,2023-06-23,2023-06-23,12513562,112622058,1251356,92115,11170091,Certified,
IPC-PRJ-035-010,PRJ-035,10,2023-06-23,2023-07-23,2023-07-23,12513562,125135620,1251356,256262,11005944,Certified,2023-09-03
IPC-PRJ-036-001,PRJ-036,1,2023-04-21,2023-05-21,2023-05-21,36856691,36856691,3685669,750059,32420963,Certified,
IPC-PRJ-036-002,PRJ-036,2,2023-05-21,2023-06-20,2023-06-20,36856691,73713382,3685669,64283,33106739,Submitted,2023-08-10
IPC-PRJ-036-003,PRJ-036,3,2023-06-20,2023-07-20,2023-07-20,36856691,110570073,3685669,1624440,31546582,Paid,2023-09-17
IPC-PRJ-036-004,PRJ-036,4,2023-07-20,2023-08-19,2023-08-19,36856691,147426764,3685669,665200,32505822,Certified,2023-10-12
IPC-PRJ-036-005,PRJ-036,5,2023-08-19,2023-09-18,2023-09-18,36856691,184283455,3685669,836367,32334655,Paid,
IPC-PRJ-036-006,PRJ-036,6,2023-09-18,2023-10-18,2023-10-18,36856691,221140146,3685669,1831125,31339897,Certified,2023-12-17
IPC-PRJ-036-007,PRJ-036,7,2023-10-18,2023-11-17,2023-11-17,36856691,257996837,3685669,311537,32859485,Certified,
IPC-PRJ-036-008,PRJ-036,8,2023-11-17,2023-12-17,2023-12-17,36856691,294853528,3685669,883206,32287816,Certified,
IPC-PRJ-036-009,PRJ-036,9,2023-12-17,2024-01-16,2024-01-16,36856691,331710219,3685669,1598662,31572360,Paid,
IPC-PRJ-036-010,PRJ-036,10,2024-01-16,2024-02-15,2024-02-15,36856691,368566910,3685669,1385782,31785240,Paid,2024-03-18
IPC-PRJ-037-001,PRJ-037,1,2022-04-20,2022-05-20,2022-05-20,37244150,37244150,3724415,1753671,31766064,Submitted,
IPC-PRJ-037-002,PRJ-037,2,2022-05-20,2022-06-19,2022-06-19,37244150,74488300,3724415,992008,32527727,Certified,2022-08-09
IPC-PRJ-037-003,PRJ-037,3,2022-06-19,2022-07-19,2022-07-19,37244150,111732450,3724415,829959,32689776,Certified,
IPC-PRJ-037-004,PRJ-037,4,2022-07-19,2022-08-18,2022-08-18,37244150,148976600,3724415,1578933,31940802,Paid,
IPC-PRJ-037-005,PRJ-037,5,2022-08-18,2022-09-17,2022-09-17,37244150,186220750,3724415,479879,33039856,Submitted,2022-11-14
IPC-PRJ-037-006,PRJ-037,6,2022-09-17,2022-10-17,2022-10-17,37244150,223464900,3724415,1850333,31669402,Certified,
IPC-PRJ-037-007,PRJ-037,7,2022-10-17,2022-11-16,2022-11-16,37244150,260709050,3724415,153693,33366042,Submitted,2023-01-01
IPC-PRJ-037-008,PRJ-037,8,2022-11-16,2022-12-16,2022-12-16,37244150,297953200,3724415,548848,32970887,Certified,
IPC-PRJ-037-009,PRJ-037,9,2022-12-16,2023-01-15,2023-01-15,37244150,335197350,3724415,1087414,32432321,Paid,2023-02-17
IPC-PRJ-037-010,PRJ-037,10,2023-01-15,2023-02-14,2023-02-14,37244150,372441500,3724415,1316830,32202905,Paid,2023-03-20
IPC-PRJ-038-001,PRJ-038,1,2021-07-12,2021-08-11,2021-08-11,41596093,41596093,4159609,499260,36937224,Certified,2021-09-23
IPC-PRJ-038-002,PRJ-038,2,2021-08-11,2021-09-10,2021-09-10,41596093,83192186,4159609,819798,36616686,Certified,
IPC-PRJ-038-003,PRJ-038,3,2021-09-10,2021-10-10,2021-10-10,41596093,124788279,4159609,1773144,35663340,Certified,
IPC-PRJ-038-004,PRJ-038,4,2021-10-10,2021-11-09,2021-11-09,41596093,166384372,4159609,539220,36897264,Certified,
IPC-PRJ-038-005,PRJ-038,5,2021-11-09,2021-12-09,2021-12-09,41596093,207980465,4159609,1940771,35495713,Under Review,
IPC-PRJ-038-006,PRJ-038,6,2021-12-09,2022-01-08,2022-01-08,41596093,249576558,4159609,908392,36528092,Certified,2022-02-17
IPC-PRJ-038-007,PRJ-038,7,2022-01-08,2022-02-07,2022-02-07,41596093,291172651,4159609,20026,37416458,Certified,
IPC-PRJ-038-008,PRJ-038,8,2022-02-07,2022-03-09,2022-03-09,41596093,332768744,4159609,678593,36757891,Paid,2022-04-11
IPC-PRJ-038-009,PRJ-038,9,2022-03-09,2022-04-08,2022-04-08,41596093,374364837,4159609,201595,37234889,Paid,2022-05-23
IPC-PRJ-038-010,PRJ-038,10,2022-04-08,2022-05-08,2022-05-08,41596093,415960930,4159609,2056047,35380437,Paid,
IPC-PRJ-039-001,PRJ-039,1,2020-03-21,2020-04-20,2020-04-20,14427841,14427841,1442784,234635,12750422,Paid,2020-06-09
IPC-PRJ-039-002,PRJ-039,2,2020-04-20,2020-05-20,2020-05-20,14427841,28855682,1442784,445950,12539107,Paid,2020-06-26
IPC-PRJ-039-003,PRJ-039,3,2020-05-20,2020-06-19,2020-06-19,14427841,43283523,1442784,663472,12321585,Submitted,2020-07-19
IPC-PRJ-039-004,PRJ-039,4,2020-06-19,2020-07-19,2020-07-19,14427841,57711364,1442784,520477,12464580,Paid,2020-09-08
IPC-PRJ-039-005,PRJ-039,5,2020-07-19,2020-08-18,2020-08-18,14427841,72139205,1442784,47723,12937334,Paid,2020-09-30
IPC-PRJ-039-006,PRJ-039,6,2020-08-18,2020-09-17,2020-09-17,14427841,86567046,1442784,604611,12380446,Paid,2020-10-31
IPC-PRJ-039-007,PRJ-039,7,2020-09-17,2020-10-17,2020-10-17,14427841,100994887,1442784,393992,12591065,Submitted,
IPC-PRJ-039-008,PRJ-039,8,2020-10-17,2020-11-16,2020-11-16,14427841,115422728,1442784,552482,12432575,Under Review,2020-12-24
IPC-PRJ-039-009,PRJ-039,9,2020-11-16,2020-12-16,2020-12-16,14427841,129850569,1442784,111650,12873407,Paid,2021-02-04
IPC-PRJ-039-010,PRJ-039,10,2020-12-16,2021-01-15,2021-01-15,14427841,144278410,1442784,291829,12693228,Paid,
IPC-PRJ-040-001,PRJ-040,1,2022-09-17,2022-10-17,2022-10-17,49168771,49168771,4916877,1285310,42966584,Certified,
IPC-PRJ-040-002,PRJ-040,2,2022-10-17,2022-11-16,2022-11-16,49168771,98337542,4916877,1121828,43130066,Paid,
IPC-PRJ-040-003,PRJ-040,3,2022-11-16,2022-12-16,2022-12-16,49168771,147506313,4916877,1966279,42285615,Under Review,2023-02-03
IPC-PRJ-040-004,PRJ-040,4,2022-12-16,2023-01-15,2023-01-15,49168771,196675084,4916877,2004103,42247791,Submitted,
IPC-PRJ-040-005,PRJ-040,5,2023-01-15,2023-02-14,2023-02-14,49168771,245843855,4916877,1789169,42462725,Paid,2023-03-20
IPC-PRJ-040-006,PRJ-040,6,2023-02-14,2023-03-16,2023-03-16,49168771,295012626,4916877,1521744,42730150,Under Review,
IPC-PRJ-040-007,PRJ-040,7,2023-03-16,2023-04-15,2023-04-15,49168771,344181397,4916877,2028731,42223163,Certified,
IPC-PRJ-041-001,PRJ-041,1,2025-01-29,2025-02-28,2025-02-28,36991779,36991779,3699177,8592,33284010,Paid,
IPC-PRJ-041-002,PRJ-041,2,2025-02-28,2025-03-30,2025-03-30,36991779,73983558,3699177,38883,33253719,Submitted,2025-05-02
IPC-PRJ-041-003,PRJ-041,3,2025-03-30,2025-04-29,2025-04-29,36991779,110975337,3699177,1087036,32205566,Certified,2025-06-15
IPC-PRJ-041-004,PRJ-041,4,2025-04-29,2025-05-29,2025-05-29,36991779,147967116,3699177,1200196,32092406,Paid,2025-07-18
IPC-PRJ-041-005,PRJ-041,5,2025-05-29,2025-06-28,2025-06-28,36991779,184958895,3699177,37433,33255169,Paid,2025-08-02
IPC-PRJ-041-006,PRJ-041,6,2025-06-28,2025-07-28,2025-07-28,36991779,221950674,3699177,1184176,32108426,Submitted,2025-09-21
IPC-PRJ-041-007,PRJ-041,7,2025-07-28,2025-08-27,2025-08-27,36991779,258942453,3699177,1378252,31914350,Certified,
IPC-PRJ-041-008,PRJ-041,8,2025-08-27,2025-09-26,2025-09-26,36991779,295934232,3699177,734214,32558388,Certified,2025-10-30
IPC-PRJ-041-009,PRJ-041,9,2025-09-26,2025-10-26,2025-10-26,36991779,332926011,3699177,1053169,32239433,Submitted,2025-12-09
IPC-PRJ-042-001,PRJ-042,1,2021-11-11,2021-12-11,2021-12-11,46199197,46199197,4619919,643066,40936212,Certified,2022-01-11
IPC-PRJ-042-002,PRJ-042,2,2021-12-11,2022-01-10,2022-01-10,46199197,92398394,4619919,1663998,39915280,Under Review,2022-02-28
IPC-PRJ-042-003,PRJ-042,3,2022-01-10,2022-02-09,2022-02-09,46199197,138597591,4619919,721047,40858231,Certified,
IPC-PRJ-042-004,PRJ-042,4,2022-02-09,2022-03-11,2022-03-11,46199197,184796788,4619919,397826,41181452,Submitted,2022-05-07
IPC-PRJ-042-005,PRJ-042,5,2022-03-11,2022-04-10,2022-04-10,46199197,230995985,4619919,1129981,40449297,Submitted,2022-06-02
IPC-PRJ-042-006,PRJ-042,6,2022-04-10,2022-05-10,2022-05-10,46199197,277195182,4619919,1598992,39980286,Under Review,2022-06-25
IPC-PRJ-042-007,PRJ-042,7,2022-05-10,2022-06-09,2022-06-09,46199197,323394379,4619919,108757,41470521,Paid,2022-08-01
IPC-PRJ-042-008,PRJ-042,8,2022-06-09,2022-07-09,2022-07-09,46199197,369593576,4619919,226179,41353099,Certified,2022-08-14
IPC-PRJ-042-009,PRJ-042,9,2022-07-09,2022-08-08,2022-08-08,46199197,415792773,4619919,373418,41205860,Submitted,
IPC-PRJ-042-010,PRJ-042,10,2022-08-08,2022-09-07,2022-09-07,46199197,461991970,4619919,493879,41085399,Certified,2022-10-17
IPC-PRJ-043-001,PRJ-043,1,2020-04-01,2020-05-01,2020-05-01,16517852,16517852,1651785,631951,14234116,Under Review,2020-06-04
IPC-PRJ-043-002,PRJ-043,2,2020-05-01,2020-05-31,2020-05-31,16517852,33035704,1651785,816323,14049744,Under Review,
IPC-PRJ-043-003,PRJ-043,3,2020-05-31,2020-06-30,2020-06-30,16517852,49553556,1651785,85260,14780807,Under Review,2020-08-14
IPC-PRJ-043-004,PRJ-043,4,2020-06-30,2020-07-30,2020-07-30,16517852,66071408,1651785,522577,14343490,Under Review,2020-09-24
IPC-PRJ-043-005,PRJ-043,5,2020-07-30,2020-08-29,2020-08-29,16517852,82589260,1651785,723655,14142412,Paid,2020-10-14
IPC-PRJ-043-006,PRJ-043,6,2020-08-29,2020-09-28,2020-09-28,16517852,99107112,1651785,360745,14505322,Certified,
IPC-PRJ-043-007,PRJ-043,7,2020-09-28,2020-10-28,2020-10-28,16517852,115624964,1651785,183357,14682710,Paid,2020-11-30
IPC-PRJ-043-008,PRJ-043,8,2020-10-28,2020-11-27,2020-11-27,16517852,132142816,1651785,273893,14592174,Submitted,
IPC-PRJ-043-009,PRJ-043,9,2020-11-27,2020-12-27,2020-12-27,16517852,148660668,1651785,182943,14683124,Certified,2021-02-10
IPC-PRJ-043-010,PRJ-043,10,2020-12-27,2021-01-26,2021-01-26,16517852,165178520,1651785,197791,14668276,Under Review,
IPC-PRJ-044-001,PRJ-044,1,2022-05-22,2022-06-21,2022-06-21,26676797,26676797,2667679,1031584,22977534,Under Review,2022-08-17
IPC-PRJ-044-002,PRJ-044,2,2022-06-21,2022-07-21,2022-07-21,26676797,53353594,2667679,533474,23475644,Under Review,2022-08-23
IPC-PRJ-044-003,PRJ-044,3,2022-07-21,2022-08-20,2022-08-20,26676797,80030391,2667679,649107,23360011,Paid,
IPC-PRJ-044-004,PRJ-044,4,2022-08-20,2022-09-19,2022-09-19,26676797,106707188,2667679,1277588,22731530,Certified,
IPC-PRJ-044-005,PRJ-044,5,2022-09-19,2022-10-19,2022-10-19,26676797,133383985,2667679,921251,23087867,Paid,
IPC-PRJ-044-006,PRJ-044,6,2022-10-19,2022-11-18,2022-11-18,26676797,160060782,2667679,1009041,23000077,Certified,
IPC-PRJ-044-007,PRJ-044,7,2022-11-18,2022-12-18,2022-12-18,26676797,186737579,2667679,1065741,22943377,Certified,
IPC-PRJ-044-008,PRJ-044,8,2022-12-18,2023-01-17,2023-01-17,26676797,213414376,2667679,1292775,22716343,Certified,
IPC-PRJ-044-009,PRJ-044,9,2023-01-17,2023-02-16,2023-02-16,26676797,240091173,2667679,105726,23903392,Paid,2023-04-05
IPC-PRJ-044-010,PRJ-044,10,2023-02-16,2023-03-18,2023-03-18,26676797,266767970,2667679,285090,23724028,Paid,2023-05-12
IPC-PRJ-045-001,PRJ-045,1,2020-07-01,2020-07-31,2020-07-31,26783969,26783969,2678396,692075,23413498,Under Review,2020-09-27
IPC-PRJ-045-002,PRJ-045,2,2020-07-31,2020-08-30,2020-08-30,26783969,53567938,2678396,4583,24100990,Paid,2020-10-21
IPC-PRJ-045-003,PRJ-045,3,2020-08-30,2020-09-29,2020-09-29,26783969,80351907,2678396,1147976,22957597,Certified,2020-11-23
IPC-PRJ-045-004,PRJ-045,4,2020-09-29,2020-10-29,2020-10-29,26783969,107135876,2678396,1272714,22832859,Under Review,2020-12-19
IPC-PRJ-045-005,PRJ-045,5,2020-10-29,2020-11-28,2020-11-28,26783969,133919845,2678396,381964,23723609,Certified,
IPC-PRJ-045-006,PRJ-045,6,2020-11-28,2020-12-28,2020-12-28,26783969,160703814,2678396,1226773,22878800,Certified,2021-02-03
IPC-PRJ-045-007,PRJ-045,7,2020-12-28,2021-01-27,2021-01-27,26783969,187487783,2678396,1091717,23013856,Paid,2021-03-11
IPC-PRJ-045-008,PRJ-045,8,2021-01-27,2021-02-26,2021-02-26,26783969,214271752,2678396,149825,23955748,Under Review,2021-03-30
IPC-PRJ-045-009,PRJ-045,9,2021-02-26,2021-03-28,2021-03-28,26783969,241055721,2678396,501960,23603613,Certified,
IPC-PRJ-045-010,PRJ-045,10,2021-03-28,2021-04-27,2021-04-27,26783969,267839690,2678396,1335135,22770438,Submitted,
IPC-PRJ-046-001,PRJ-046,1,2024-01-05,2024-02-04,2024-02-04,11205971,11205971,1120597,217555,9867819,Submitted,
IPC-PRJ-047-001,PRJ-047,1,2024-07-02,2024-08-01,2024-08-01,7421919,7421919,742191,249259,6430469,Certified,
IPC-PRJ-047-002,PRJ-047,2,2024-08-01,2024-08-31,2024-08-31,7421919,14843838,742191,354626,6325102,Submitted,
IPC-PRJ-047-003,PRJ-047,3,2024-08-31,2024-09-30,2024-09-30,7421919,22265757,742191,136385,6543343,Certified,2024-11-07
IPC-PRJ-047-004,PRJ-047,4,2024-09-30,2024-10-30,2024-10-30,7421919,29687676,742191,275393,6404335,Certified,2024-12-27
IPC-PRJ-047-005,PRJ-047,5,2024-10-30,2024-11-29,2024-11-29,7421919,37109595,742191,54309,6625419,Under Review,
IPC-PRJ-048-001,PRJ-048,1,2023-01-15,2023-02-14,2023-02-14,23782224,23782224,2378222,264455,21139547,Under Review,
IPC-PRJ-048-002,PRJ-048,2,2023-02-14,2023-03-16,2023-03-16,23782224,47564448,2378222,356782,21047220,Submitted,2023-05-10
IPC-PRJ-048-003,PRJ-048,3,2023-03-16,2023-04-15,2023-04-15,23782224,71346672,2378222,522759,20881243,Paid,2023-06-12
IPC-PRJ-048-004,PRJ-048,4,2023-04-15,2023-05-15,2023-05-15,23782224,95128896,2378222,995123,20408879,Submitted,2023-07-08
IPC-PRJ-048-005,PRJ-048,5,2023-05-15,2023-06-14,2023-06-14,23782224,118911120,2378222,638386,20765616,Under Review,2023-08-09
IPC-PRJ-048-006,PRJ-048,6,2023-06-14,2023-07-14,2023-07-14,23782224,142693344,2378222,219837,21184165,Under Review,2023-08-29
IPC-PRJ-048-007,PRJ-048,7,2023-07-14,2023-08-13,2023-08-13,23782224,166475568,2378222,740836,20663166,Paid,2023-10-12
IPC-PRJ-048-008,PRJ-048,8,2023-08-13,2023-09-12,2023-09-12,23782224,190257792,2378222,1088798,20315204,Under Review,2023-10-17
IPC-PRJ-048-009,PRJ-048,9,2023-09-12,2023-10-12,2023-10-12,23782224,214040016,2378222,259824,21144178,Under Review,2023-11-14
IPC-PRJ-048-010,PRJ-048,10,2023-10-12,2023-11-11,2023-11-11,23782224,237822240,2378222,889718,20514284,Paid,2023-12-15
IPC-PRJ-049-001,PRJ-049,1,2024-12-19,2025-01-18,2025-01-18,11838189,11838189,1183818,394038,10260333,Paid,
IPC-PRJ-049-002,PRJ-049,2,2025-01-18,2025-02-17,2025-02-17,11838189,23676378,1183818,6840,10647531,Paid,2025-04-07
IPC-PRJ-049-003,PRJ-049,3,2025-02-17,2025-03-19,2025-03-19,11838189,35514567,1183818,219299,10435072,Certified,
IPC-PRJ-049-004,PRJ-049,4,2025-03-19,2025-04-18,2025-04-18,11838189,47352756,1183818,111892,10542479,Paid,
IPC-PRJ-049-005,PRJ-049,5,2025-04-18,2025-05-18,2025-05-18,11838189,59190945,1183818,470956,10183415,Paid,2025-07-09
IPC-PRJ-049-006,PRJ-049,6,2025-05-18,2025-06-17,2025-06-17,11838189,71029134,1183818,570912,10083459,Paid,2025-08-11
IPC-PRJ-049-007,PRJ-049,7,2025-06-17,2025-07-17,2025-07-17,11838189,82867323,1183818,258319,10396052,Paid,
IPC-PRJ-049-008,PRJ-049,8,2025-07-17,2025-08-16,2025-08-16,11838189,94705512,1183818,465843,10188528,Paid,
IPC-PRJ-050-001,PRJ-050,1,2021-12-24,2022-01-23,2022-01-23,36039239,36039239,3603923,1363197,31072119,Certified,2022-03-19
IPC-PRJ-050-002,PRJ-050,2,2022-01-23,2022-02-22,2022-02-22,36039239,72078478,3603923,485091,31950225,Paid,
IPC-PRJ-050-003,PRJ-050,3,2022-02-22,2022-03-24,2022-03-24,36039239,108117717,3603923,468361,31966955,Under Review,2022-05-14
IPC-PRJ-050-004,PRJ-050,4,2022-03-24,2022-04-23,2022-04-23,36039239,144156956,3603923,524722,31910594,Paid,
IPC-PRJ-050-005,PRJ-050,5,2022-04-23,2022-05-23,2022-05-23,36039239,180196195,3603923,354524,32080792,Certified,2022-07-02
IPC-PRJ-050-006,PRJ-050,6,2022-05-23,2022-06-22,2022-06-22,36039239,216235434,3603923,647152,31788164,Submitted,2022-08-06
IPC-PRJ-050-007,PRJ-050,7,2022-06-22,2022-07-22,2022-07-22,36039239,252274673,3603923,31993,32403323,Submitted,2022-08-28
IPC-PRJ-050-008,PRJ-050,8,2022-07-22,2022-08-21,2022-08-21,36039239,288313912,3603923,746747,31688569,Certified,2022-10-06
IPC-PRJ-050-009,PRJ-050,9,2022-08-21,2022-09-20,2022-09-20,36039239,324353151,3603923,1087969,31347347,Under Review,2022-11-18
IPC-PRJ-050-010,PRJ-050,10,2022-09-20,2022-10-20,2022-10-20,36039239,360392390,3603923,553230,31882086,Paid,2022-12-10
IPC-PRJ-051-001,PRJ-051,1,2021-05-10,2021-06-09,2021-06-09,25968959,25968959,2596895,260715,23111349,Paid,
IPC-PRJ-051-002,PRJ-051,2,2021-06-09,2021-07-09,2021-07-09,25968959,51937918,2596895,1164770,22207294,Under Review,2021-08-31
IPC-PRJ-051-003,PRJ-051,3,2021-07-09,2021-08-08,2021-08-08,25968959,77906877,2596895,487256,22884808,Paid,2021-09-08
IPC-PRJ-051-004,PRJ-051,4,2021-08-08,2021-09-07,2021-09-07,25968959,103875836,2596895,285802,23086262,Paid,2021-10-15
IPC-PRJ-051-005,PRJ-051,5,2021-09-07,2021-10-07,2021-10-07,25968959,129844795,2596895,1032123,22339941,Certified,2021-11-23
IPC-PRJ-051-006,PRJ-051,6,2021-10-07,2021-11-06,2021-11-06,25968959,155813754,2596895,348064,23024000,Certified,2021-12-29
IPC-PRJ-051-007,PRJ-051,7,2021-11-06,2021-12-06,2021-12-06,25968959,181782713,2596895,742615,22629449,Under Review,2022-01-16
IPC-PRJ-051-008,PRJ-051,8,2021-12-06,2022-01-05,2022-01-05,25968959,207751672,2596895,893740,22478324,Certified,
IPC-PRJ-051-009,PRJ-051,9,2022-01-05,2022-02-04,2022-02-04,25968959,233720631,2596895,492533,22879531,Under Review,2022-03-20
IPC-PRJ-051-010,PRJ-051,10,2022-02-04,2022-03-06,2022-03-06,25968959,259689590,2596895,33841,23338223,Certified,2022-04-26
IPC-PRJ-052-001,PRJ-052,1,2020-11-07,2020-12-07,2020-12-07,45095328,45095328,4509532,2069545,38516251,Submitted,2021-01-27
IPC-PRJ-052-002,PRJ-052,2,2020-12-07,2021-01-06,2021-01-06,45095328,90190656,4509532,1684387,38901409,Under Review,2021-02-12
IPC-PRJ-052-003,PRJ-052,3,2021-01-06,2021-02-05,2021-02-05,45095328,135285984,4509532,380048,40205748,Submitted,2021-03-09
IPC-PRJ-052-004,PRJ-052,4,2021-02-05,2021-03-07,2021-03-07,45095328,180381312,4509532,1806692,38779104,Paid,
IPC-PRJ-052-005,PRJ-052,5,2021-03-07,2021-04-06,2021-04-06,45095328,225476640,4509532,437685,40148111,Paid,2021-05-29
IPC-PRJ-052-006,PRJ-052,6,2021-04-06,2021-05-06,2021-05-06,45095328,270571968,4509532,923663,39662133,Submitted,2021-06-20
IPC-PRJ-052-007,PRJ-052,7,2021-05-06,2021-06-05,2021-06-05,45095328,315667296,4509532,862187,39723609,Paid,
IPC-PRJ-052-008,PRJ-052,8,2021-06-05,2021-07-05,2021-07-05,45095328,360762624,4509532,798230,39787566,Certified,2021-08-11
IPC-PRJ-052-009,PRJ-052,9,2021-07-05,2021-08-04,2021-08-04,45095328,405857952,4509532,2045419,38540377,Certified,2021-09-17
IPC-PRJ-052-010,PRJ-052,10,2021-08-04,2021-09-03,2021-09-03,45095328,450953280,4509532,35321,40550475,Under Review,2021-10-23
IPC-PRJ-053-001,PRJ-053,1,2022-02-09,2022-03-11,2022-03-11,45140753,45140753,4514075,885868,39740810,Submitted,2022-05-05
IPC-PRJ-053-002,PRJ-053,2,2022-03-11,2022-04-10,2022-04-10,45140753,90281506,4514075,575149,40051529,Submitted,2022-05-19
IPC-PRJ-053-003,PRJ-053,3,2022-04-10,2022-05-10,2022-05-10,45140753,135422259,4514075,1556374,39070304,Paid,
IPC-PRJ-053-004,PRJ-053,4,2022-05-10,2022-06-09,2022-06-09,45140753,180563012,4514075,1999919,38626759,Under Review,2022-07-21
IPC-PRJ-053-005,PRJ-053,5,2022-06-09,2022-07-09,2022-07-09,45140753,225703765,4514075,765510,39861168,Certified,2022-08-30
IPC-PRJ-053-006,PRJ-053,6,2022-07-09,2022-08-08,2022-08-08,45140753,270844518,4514075,1252288,39374390,Under Review,
IPC-PRJ-053-007,PRJ-053,7,2022-08-08,2022-09-07,2022-09-07,45140753,315985271,4514075,1132530,39494148,Certified,
IPC-PRJ-053-008,PRJ-053,8,2022-09-07,2022-10-07,2022-10-07,45140753,361126024,4514075,1510728,39115950,Certified,
IPC-PRJ-053-009,PRJ-053,9,2022-10-07,2022-11-06,2022-11-06,45140753,406266777,4514075,1780899,38845779,Certified,2022-12-24
IPC-PRJ-053-010,PRJ-053,10,2022-11-06,2022-12-06,2022-12-06,45140753,451407530,4514075,100988,40525690,Certified,2023-01-12
IPC-PRJ-054-001,PRJ-054,1,2022-01-19,2022-02-18,2022-02-18,13089905,13089905,1308990,403271,11377644,Certified,2022-03-23
IPC-PRJ-054-002,PRJ-054,2,2022-02-18,2022-03-20,2022-03-20,13089905,26179810,1308990,135670,11645245,Submitted,2022-04-24
IPC-PRJ-054-003,PRJ-054,3,2022-03-20,2022-04-19,2022-04-19,13089905,39269715,1308990,35867,11745048,Paid,2022-06-05
IPC-PRJ-054-004,PRJ-054,4,2022-04-19,2022-05-19,2022-05-19,13089905,52359620,1308990,634744,11146171,Submitted,2022-06-28
IPC-PRJ-054-005,PRJ-054,5,2022-05-19,2022-06-18,2022-06-18,13089905,65449525,1308990,336405,11444510,Submitted,2022-08-04
IPC-PRJ-054-006,PRJ-054,6,2022-06-18,2022-07-18,2022-07-18,13089905,78539430,1308990,103511,11677404,Paid,2022-09-11
IPC-PRJ-054-007,PRJ-054,7,2022-07-18,2022-08-17,2022-08-17,13089905,91629335,1308990,434542,11346373,Paid,2022-10-16
IPC-PRJ-054-008,PRJ-054,8,2022-08-17,2022-09-16,2022-09-16,13089905,104719240,1308990,275831,11505084,Certified,2022-10-26
IPC-PRJ-054-009,PRJ-054,9,2022-09-16,2022-10-16,2022-10-16,13089905,117809145,1308990,468397,11312518,Paid,2022-12-02
IPC-PRJ-054-010,PRJ-054,10,2022-10-16,2022-11-15,2022-11-15,13089905,130899050,1308990,83301,11697614,Paid,2022-12-24
IPC-PRJ-055-001,PRJ-055,1,2022-04-08,2022-05-08,2022-05-08,49074973,49074973,4907497,777832,43389644,Submitted,2022-06-15
IPC-PRJ-055-002,PRJ-055,2,2022-05-08,2022-06-07,2022-06-07,49074973,98149946,4907497,232917,43934559,Paid,2022-07-09
IPC-PRJ-055-003,PRJ-055,3,2022-06-07,2022-07-07,2022-07-07,49074973,147224919,4907497,1551489,42615987,Paid,2022-08-19
IPC-PRJ-055-004,PRJ-055,4,2022-07-07,2022-08-06,2022-08-06,49074973,196299892,4907497,2031491,42135985,Certified,
IPC-PRJ-055-005,PRJ-055,5,2022-08-06,2022-09-05,2022-09-05,49074973,245374865,4907497,731022,43436454,Submitted,
IPC-PRJ-055-006,PRJ-055,6,2022-09-05,2022-10-05,2022-10-05,49074973,294449838,4907497,1650703,42516773,Paid,2022-11-14
IPC-PRJ-055-007,PRJ-055,7,2022-10-05,2022-11-04,2022-11-04,49074973,343524811,4907497,1018101,43149375,Submitted,2022-12-04
IPC-PRJ-055-008,PRJ-055,8,2022-11-04,2022-12-04,2022-12-04,49074973,392599784,4907497,300120,43867356,Under Review,2023-01-30
IPC-PRJ-055-009,PRJ-055,9,2022-12-04,2023-01-03,2023-01-03,49074973,441674757,4907497,328994,43838482,Certified,2023-02-13
IPC-PRJ-055-010,PRJ-055,10,2023-01-03,2023-02-02,2023-02-02,49074973,490749730,4907497,2260076,41907400,Submitted,2023-03-19
IPC-PRJ-056-001,PRJ-056,1,2024-07-16,2024-08-15,2024-08-15,43535362,43535362,4353536,80131,39101695,Paid,
IPC-PRJ-056-002,PRJ-056,2,2024-08-15,2024-09-14,2024-09-14,43535362,87070724,4353536,1068888,38112938,Certified,2024-10-25
IPC-PRJ-056-003,PRJ-056,3,2024-09-14,2024-10-14,2024-10-14,43535362,130606086,4353536,1297420,37884406,Paid,
IPC-PRJ-056-004,PRJ-056,4,2024-10-14,2024-11-13,2024-11-13,43535362,174141448,4353536,205620,38976206,Submitted,
IPC-PRJ-056-005,PRJ-056,5,2024-11-13,2024-12-13,2024-12-13,43535362,217676810,4353536,1232278,37949548,Submitted,
IPC-PRJ-056-006,PRJ-056,6,2024-12-13,2025-01-12,2025-01-12,43535362,261212172,4353536,1729495,37452331,Certified,2025-02-19
IPC-PRJ-057-001,PRJ-057,1,2020-06-22,2020-07-22,2020-07-22,47662796,47662796,4766279,1937609,40958908,Certified,2020-08-27
IPC-PRJ-057-002,PRJ-057,2,2020-07-22,2020-08-21,2020-08-21,47662796,95325592,4766279,1240217,41656300,Paid,2020-10-15
IPC-PRJ-057-003,PRJ-057,3,2020-08-21,2020-09-20,2020-09-20,47662796,142988388,4766279,1848512,41048005,Certified,
IPC-PRJ-057-004,PRJ-057,4,2020-09-20,2020-10-20,2020-10-20,47662796,190651184,4766279,1704095,41192422,Submitted,
IPC-PRJ-057-005,PRJ-057,5,2020-10-20,2020-11-19,2020-11-19,47662796,238313980,4766279,2313564,40582953,Paid,2021-01-15
IPC-PRJ-057-006,PRJ-057,6,2020-11-19,2020-12-19,2020-12-19,47662796,285976776,4766279,1182883,41713634,Certified,2021-01-28
IPC-PRJ-057-007,PRJ-057,7,2020-12-19,2021-01-18,2021-01-18,47662796,333639572,4766279,1860103,41036414,Certified,
IPC-PRJ-057-008,PRJ-057,8,2021-01-18,2021-02-17,2021-02-17,47662796,381302368,4766279,807051,42089466,Paid,
IPC-PRJ-057-009,PRJ-057,9,2021-02-17,2021-03-19,2021-03-19,47662796,428965164,4766279,1973473,40923044,Paid,2021-04-20
IPC-PRJ-057-010,PRJ-057,10,2021-03-19,2021-04-18,2021-04-18,47662796,476627960,4766279,374035,42522482,Paid,
IPC-PRJ-058-001,PRJ-058,1,2021-11-12,2021-12-12,2021-12-12,35334680,35334680,3533468,1400032,30401180,Submitted,2022-01-23
IPC-PRJ-058-002,PRJ-058,2,2021-12-12,2022-01-11,2022-01-11,35334680,70669360,3533468,740093,31061119,Under Review,2022-02-21
IPC-PRJ-058-003,PRJ-058,3,2022-01-11,2022-02-10,2022-02-10,35334680,106004040,3533468,125573,31675639,Paid,2022-03-23
IPC-PRJ-058-004,PRJ-058,4,2022-02-10,2022-03-12,2022-03-12,35334680,141338720,3533468,1187290,30613922,Certified,2022-04-20
IPC-PRJ-058-005,PRJ-058,5,2022-03-12,2022-04-11,2022-04-11,35334680,176673400,3533468,503871,31297341,Submitted,2022-05-11
IPC-PRJ-058-006,PRJ-058,6,2022-04-11,2022-05-11,2022-05-11,35334680,212008080,3533468,921053,30880159,Submitted,2022-06-18
IPC-PRJ-058-007,PRJ-058,7,2022-05-11,2022-06-10,2022-06-10,35334680,247342760,3533468,149225,31651987,Paid,2022-07-18
IPC-PRJ-058-008,PRJ-058,8,2022-06-10,2022-07-10,2022-07-10,35334680,282677440,3533468,1008787,30792425,Certified,2022-09-01
IPC-PRJ-058-009,PRJ-058,9,2022-07-10,2022-08-09,2022-08-09,35334680,318012120,3533468,1386854,30414358,Certified,2022-10-04
IPC-PRJ-058-010,PRJ-058,10,2022-08-09,2022-09-08,2022-09-08,35334680,353346800,3533468,1615482,30185730,Submitted,2022-10-30
IPC-PRJ-059-001,PRJ-059,1,2024-11-23,2024-12-23,2024-12-23,33320162,33320162,3332016,479617,29508529,Under Review,2025-01-25
IPC-PRJ-059-002,PRJ-059,2,2024-12-23,2025-01-22,2025-01-22,33320162,66640324,3332016,1224607,28763539,Certified,2025-02-22
IPC-PRJ-059-003,PRJ-059,3,2025-01-22,2025-02-21,2025-02-21,33320162,99960486,3332016,340077,29648069,Certified,2025-04-04
IPC-PRJ-059-004,PRJ-059,4,2025-02-21,2025-03-23,2025-03-23,33320162,133280648,3332016,208960,29779186,Certified,2025-05-21
IPC-PRJ-059-005,PRJ-059,5,2025-03-23,2025-04-22,2025-04-22,33320162,166600810,3332016,613467,29374679,Certified,2025-06-04
IPC-PRJ-060-001,PRJ-060,1,2023-04-21,2023-05-21,2023-05-21,1163583,1163583,116358,18537,1028688,Certified,2023-07-10
IPC-PRJ-060-002,PRJ-060,2,2023-05-21,2023-06-20,2023-06-20,1163583,2327166,116358,33100,1014125,Paid,2023-07-25
IPC-PRJ-060-003,PRJ-060,3,2023-06-20,2023-07-20,2023-07-20,1163583,3490749,116358,16468,1030757,Paid,2023-09-18
IPC-PRJ-060-004,PRJ-060,4,2023-07-20,2023-08-19,2023-08-19,1163583,4654332,116358,43534,1003691,Paid,
IPC-PRJ-060-005,PRJ-060,5,2023-08-19,2023-09-18,2023-09-18,1163583,5817915,116358,33324,1013901,Submitted,2023-11-14
IPC-PRJ-060-006,PRJ-060,6,2023-09-18,2023-10-18,2023-10-18,1163583,6981498,116358,52365,994860,Under Review,2023-12-07
IPC-PRJ-060-007,PRJ-060,7,2023-10-18,2023-11-17,2023-11-17,1163583,8145081,116358,8322,1038903,Certified,2024-01-07
IPC-PRJ-060-008,PRJ-060,8,2023-11-17,2023-12-17,2023-12-17,1163583,9308664,116358,44610,1002615,Certified,2024-02-14
IPC-PRJ-060-009,PRJ-060,9,2023-12-17,2024-01-16,2024-01-16,1163583,10472247,116358,46686,1000539,Paid,2024-02-20
IPC-PRJ-060-010,PRJ-060,10,2024-01-16,2024-02-15,2024-02-15,1163583,11635830,116358,51192,996033,Paid,2024-04-07
IPC-PRJ-061-001,PRJ-061,1,2023-01-07,2023-02-06,2023-02-06,36025460,36025460,3602546,680766,31742148,Paid,
IPC-PRJ-061-002,PRJ-061,2,2023-02-06,2023-03-08,2023-03-08,36025460,72050920,3602546,558166,31864748,Certified,2023-05-06
IPC-PRJ-061-003,PRJ-061,3,2023-03-08,2023-04-07,2023-04-07,36025460,108076380,3602546,1206395,31216519,Certified,
IPC-PRJ-061-004,PRJ-061,4,2023-04-07,2023-05-07,2023-05-07,36025460,144101840,3602546,10414,32412500,Paid,2023-06-18
IPC-PRJ-061-005,PRJ-061,5,2023-05-07,2023-06-06,2023-06-06,36025460,180127300,3602546,712522,31710392,Paid,
IPC-PRJ-061-006,PRJ-061,6,2023-06-06,2023-07-06,2023-07-06,36025460,216152760,3602546,849718,31573196,Under Review,2023-08-30
IPC-PRJ-061-007,PRJ-061,7,2023-07-06,2023-08-05,2023-08-05,36025460,252178220,3602546,1216430,31206484,Under Review,2023-09-13
IPC-PRJ-062-001,PRJ-062,1,2021-06-23,2021-07-23,2021-07-23,47176396,47176396,4717639,2350277,40108480,Paid,2021-09-07
IPC-PRJ-062-002,PRJ-062,2,2021-07-23,2021-08-22,2021-08-22,47176396,94352792,4717639,2073376,40385381,Paid,
IPC-PRJ-062-003,PRJ-062,3,2021-08-22,2021-09-21,2021-09-21,47176396,141529188,4717639,1998966,40459791,Under Review,2021-11-11
IPC-PRJ-062-004,PRJ-062,4,2021-09-21,2021-10-21,2021-10-21,47176396,188705584,4717639,2002112,40456645,Certified,2021-12-17
IPC-PRJ-062-005,PRJ-062,5,2021-10-21,2021-11-20,2021-11-20,47176396,235881980,4717639,1971412,40487345,Under Review,2021-12-21
IPC-PRJ-062-006,PRJ-062,6,2021-11-20,2021-12-20,2021-12-20,47176396,283058376,4717639,1349009,41109748,Under Review,
IPC-PRJ-062-007,PRJ-062,7,2021-12-20,2022-01-19,2022-01-19,47176396,330234772,4717639,620822,41837935,Certified,
IPC-PRJ-062-008,PRJ-062,8,2022-01-19,2022-02-18,2022-02-18,47176396,377411168,4717639,417818,42040939,Paid,2022-04-02
IPC-PRJ-062-009,PRJ-062,9,2022-02-18,2022-03-20,2022-03-20,47176396,424587564,4717639,531823,41926934,Paid,2022-04-28
IPC-PRJ-062-010,PRJ-062,10,2022-03-20,2022-04-19,2022-04-19,47176396,471763960,4717639,1851952,40606805,Certified,2022-06-01
IPC-PRJ-063-001,PRJ-063,1,2021-07-01,2021-07-31,2021-07-31,44367899,44367899,4436789,1783010,38148100,Paid,2021-09-23
IPC-PRJ-063-002,PRJ-063,2,2021-07-31,2021-08-30,2021-08-30,44367899,88735798,4436789,240634,39690476,Paid,2021-10-17
IPC-PRJ-063-003,PRJ-063,3,2021-08-30,2021-09-29,2021-09-29,44367899,133103697,4436789,505377,39425733,Paid,
IPC-PRJ-063-004,PRJ-063,4,2021-09-29,2021-10-29,2021-10-29,44367899,177471596,4436789,1530002,38401108,Under Review,2021-12-06
IPC-PRJ-063-005,PRJ-063,5,2021-10-29,2021-11-28,2021-11-28,44367899,221839495,4436789,529235,39401875,Certified,2022-01-17
IPC-PRJ-063-006,PRJ-063,6,2021-11-28,2021-12-28,2021-12-28,44367899,266207394,4436789,883298,39047812,Submitted,2022-02-23
IPC-PRJ-063-007,PRJ-063,7,2021-12-28,2022-01-27,2022-01-27,44367899,310575293,4436789,2081286,37849824,Submitted,2022-03-09
IPC-PRJ-063-008,PRJ-063,8,2022-01-27,2022-02-26,2022-02-26,44367899,354943192,4436789,1763538,38167572,Certified,2022-03-31
IPC-PRJ-063-009,PRJ-063,9,2022-02-26,2022-03-28,2022-03-28,44367899,399311091,4436789,109714,39821396,Paid,2022-05-17
IPC-PRJ-063-010,PRJ-063,10,2022-03-28,2022-04-27,2022-04-27,44367899,443678990,4436789,1829015,38102095,Paid,2022-06-21
IPC-PRJ-064-001,PRJ-064,1,2022-01-04,2022-02-03,2022-02-03,27202528,27202528,2720252,1239866,23242410,Paid,2022-03-18
IPC-PRJ-064-002,PRJ-064,2,2022-02-03,2022-03-05,2022-03-05,27202528,54405056,2720252,1016986,23465290,Submitted,2022-05-01
IPC-PRJ-064-003,PRJ-064,3,2022-03-05,2022-04-04,2022-04-04,27202528,81607584,2720252,581902,23900374,Certified,2022-05-19
IPC-PRJ-064-004,PRJ-064,4,2022-04-04,2022-05-04,2022-05-04,27202528,108810112,2720252,232748,24249528,Certified,
IPC-PRJ-064-005,PRJ-064,5,2022-05-04,2022-06-03,2022-06-03,27202528,136012640,2720252,944308,23537968,Certified,2022-07-04
IPC-PRJ-064-006,PRJ-064,6,2022-06-03,2022-07-03,2022-07-03,27202528,163215168,2720252,282631,24199645,Certified,2022-08-25
IPC-PRJ-064-007,PRJ-064,7,2022-07-03,2022-08-02,2022-08-02,27202528,190417696,2720252,38318,24443958,Paid,
IPC-PRJ-064-008,PRJ-064,8,2022-08-02,2022-09-01,2022-09-01,27202528,217620224,2720252,772858,23709418,Certified,
IPC-PRJ-064-009,PRJ-064,9,2022-09-01,2022-10-01,2022-10-01,27202528,244822752,2720252,591762,23890514,Submitted,2022-11-25
IPC-PRJ-064-010,PRJ-064,10,2022-10-01,2022-10-31,2022-10-31,27202528,272025280,2720252,1302143,23180133,Paid,2022-12-17
IPC-PRJ-065-001,PRJ-065,1,2025-01-14,2025-02-13,2025-02-13,30690000,30690000,3069000,672575,26948425,Certified,2025-03-19
IPC-PRJ-065-002,PRJ-065,2,2025-02-13,2025-03-15,2025-03-15,30690000,61380000,3069000,776370,26844630,Certified,2025-04-20
IPC-PRJ-065-003,PRJ-065,3,2025-03-15,2025-04-14,2025-04-14,30690000,92070000,3069000,1028886,26592114,Certified,2025-05-22
IPC-PRJ-065-004,PRJ-065,4,2025-04-14,2025-05-14,2025-05-14,30690000,122760000,3069000,1152541,26468459,Certified,2025-07-06
IPC-PRJ-065-005,PRJ-065,5,2025-05-14,2025-06-13,2025-06-13,30690000,153450000,3069000,706381,26914619,Paid,2025-07-28
IPC-PRJ-065-006,PRJ-065,6,2025-06-13,2025-07-13,2025-07-13,30690000,184140000,3069000,818678,26802322,Paid,2025-08-19
IPC-PRJ-065-007,PRJ-065,7,2025-07-13,2025-08-12,2025-08-12,30690000,214830000,3069000,709390,26911610,Paid,
IPC-PRJ-065-008,PRJ-065,8,2025-08-12,2025-09-11,2025-09-11,30690000,245520000,3069000,385339,27235661,Submitted,2025-10-21
IPC-PRJ-065-009,PRJ-065,9,2025-09-11,2025-10-11,2025-10-11,30690000,276210000,3069000,55332,27565668,Paid,2025-12-10
IPC-PRJ-066-001,PRJ-066,1,2022-09-15,2022-10-15,2022-10-15,38935313,38935313,3893531,452599,34589183,Submitted,2022-11-19
IPC-PRJ-066-002,PRJ-066,2,2022-10-15,2022-11-14,2022-11-14,38935313,77870626,3893531,986544,34055238,Paid,2022-12-30
IPC-PRJ-066-003,PRJ-066,3,2022-11-14,2022-12-14,2022-12-14,38935313,116805939,3893531,1310777,33731005,Paid,2023-01-17
IPC-PRJ-066-004,PRJ-066,4,2022-12-14,2023-01-13,2023-01-13,38935313,155741252,3893531,995733,34046049,Certified,2023-03-05
IPC-PRJ-066-005,PRJ-066,5,2023-01-13,2023-02-12,2023-02-12,38935313,194676565,3893531,1064325,33977457,Paid,2023-04-13
IPC-PRJ-066-006,PRJ-066,6,2023-02-12,2023-03-14,2023-03-14,38935313,233611878,3893531,1504472,33537310,Paid,2023-04-21
IPC-PRJ-066-007,PRJ-066,7,2023-03-14,2023-04-13,2023-04-13,38935313,272547191,3893531,1764744,33277038,Under Review,2023-06-02
IPC-PRJ-066-008,PRJ-066,8,2023-04-13,2023-05-13,2023-05-13,38935313,311482504,3893531,894181,34147601,Certified,
IPC-PRJ-066-009,PRJ-066,9,2023-05-13,2023-06-12,2023-06-12,38935313,350417817,3893531,859304,34182478,Certified,2023-07-29
IPC-PRJ-066-010,PRJ-066,10,2023-06-12,2023-07-12,2023-07-12,38935313,389353130,3893531,65248,34976534,Paid,
IPC-PRJ-067-001,PRJ-067,1,2023-01-19,2023-02-18,2023-02-18,38193494,38193494,3819349,974512,33399633,Certified,2023-03-29
IPC-PRJ-067-002,PRJ-067,2,2023-02-18,2023-03-20,2023-03-20,38193494,76386988,3819349,554073,33820072,Paid,
IPC-PRJ-067-003,PRJ-067,3,2023-03-20,2023-04-19,2023-04-19,38193494,114580482,3819349,1896808,32477337,Paid,2023-06-13
IPC-PRJ-067-004,PRJ-067,4,2023-04-19,2023-05-19,2023-05-19,38193494,152773976,3819349,598675,33775470,Under Review,2023-06-19
IPC-PRJ-067-005,PRJ-067,5,2023-05-19,2023-06-18,2023-06-18,38193494,190967470,3819349,118767,34255378,Certified,2023-07-30
IPC-PRJ-067-006,PRJ-067,6,2023-06-18,2023-07-18,2023-07-18,38193494,229160964,3819349,1681848,32692297,Submitted,2023-08-24
IPC-PRJ-067-007,PRJ-067,7,2023-07-18,2023-08-17,2023-08-17,38193494,267354458,3819349,1002855,33371290,Certified,2023-09-30
IPC-PRJ-067-008,PRJ-067,8,2023-08-17,2023-09-16,2023-09-16,38193494,305547952,3819349,1427663,32946482,Paid,
IPC-PRJ-067-009,PRJ-067,9,2023-09-16,2023-10-16,2023-10-16,38193494,343741446,3819349,583414,33790731,Certified,
IPC-PRJ-067-010,PRJ-067,10,2023-10-16,2023-11-15,2023-11-15,38193494,381934940,3819349,603825,33770320,Paid,2024-01-02
IPC-PRJ-068-001,PRJ-068,1,2025-01-11,2025-02-10,2025-02-10,10568659,10568659,1056865,117122,9394672,Certified,
IPC-PRJ-068-002,PRJ-068,2,2025-02-10,2025-03-12,2025-03-12,10568659,21137318,1056865,449133,9062661,Paid,2025-05-08
IPC-PRJ-068-003,PRJ-068,3,2025-03-12,2025-04-11,2025-04-11,10568659,31705977,1056865,493602,9018192,Under Review,2025-05-16
IPC-PRJ-068-004,PRJ-068,4,2025-04-11,2025-05-11,2025-05-11,10568659,42274636,1056865,360991,9150803,Submitted,
IPC-PRJ-068-005,PRJ-068,5,2025-05-11,2025-06-10,2025-06-10,10568659,52843295,1056865,77550,9434244,Certified,2025-07-25
IPC-PRJ-068-006,PRJ-068,6,2025-06-10,2025-07-10,2025-07-10,10568659,63411954,1056865,64989,9446805,Certified,2025-08-13
IPC-PRJ-069-001,PRJ-069,1,2020-03-28,2020-04-27,2020-04-27,35850624,35850624,3585062,436542,31829020,Submitted,2020-05-28
IPC-PRJ-069-002,PRJ-069,2,2020-04-27,2020-05-27,2020-05-27,35850624,71701248,3585062,44322,32221240,Paid,
IPC-PRJ-069-003,PRJ-069,3,2020-05-27,2020-06-26,2020-06-26,35850624,107551872,3585062,452479,31813083,Paid,2020-08-18
IPC-PRJ-069-004,PRJ-069,4,2020-06-26,2020-07-26,2020-07-26,35850624,143402496,3585062,1215335,31050227,Submitted,
IPC-PRJ-069-005,PRJ-069,5,2020-07-26,2020-08-25,2020-08-25,35850624,179253120,3585062,1616458,30649104,Certified,
IPC-PRJ-069-006,PRJ-069,6,2020-08-25,2020-09-24,2020-09-24,35850624,215103744,3585062,372978,31892584,Certified,2020-11-15
IPC-PRJ-069-007,PRJ-069,7,2020-09-24,2020-10-24,2020-10-24,35850624,250954368,3585062,368239,31897323,Certified,2020-11-26
IPC-PRJ-069-008,PRJ-069,8,2020-10-24,2020-11-23,2020-11-23,35850624,286804992,3585062,1158048,31107514,Submitted,
IPC-PRJ-069-009,PRJ-069,9,2020-11-23,2020-12-23,2020-12-23,35850624,322655616,3585062,795522,31470040,Paid,2021-02-02
IPC-PRJ-069-010,PRJ-069,10,2020-12-23,2021-01-22,2021-01-22,35850624,358506240,3585062,1280937,30984625,Paid,
IPC-PRJ-070-001,PRJ-070,1,2022-12-28,2023-01-27,2023-01-27,42433993,42433993,4243399,732091,37458503,Paid,2023-03-11
IPC-PRJ-070-002,PRJ-070,2,2023-01-27,2023-02-26,2023-02-26,42433993,84867986,4243399,1102441,37088153,Submitted,
IPC-PRJ-070-003,PRJ-070,3,2023-02-26,2023-03-28,2023-03-28,42433993,127301979,4243399,448701,37741893,Paid,
IPC-PRJ-070-004,PRJ-070,4,2023-03-28,2023-04-27,2023-04-27,42433993,169735972,4243399,1938387,36252207,Paid,2023-06-04
IPC-PRJ-070-005,PRJ-070,5,2023-04-27,2023-05-27,2023-05-27,42433993,212169965,4243399,1823036,36367558,Certified,2023-06-29
IPC-PRJ-070-006,PRJ-070,6,2023-05-27,2023-06-26,2023-06-26,42433993,254603958,4243399,344390,37846204,Paid,
IPC-PRJ-070-007,PRJ-070,7,2023-06-26,2023-07-26,2023-07-26,42433993,297037951,4243399,790902,37399692,Under Review,2023-09-22
IPC-PRJ-070-008,PRJ-070,8,2023-07-26,2023-08-25,2023-08-25,42433993,339471944,4243399,249813,37940781,Certified,2023-10-06
IPC-PRJ-071-001,PRJ-071,1,2024-10-29,2024-11-28,2024-11-28,15188566,15188566,1518856,453217,13216493,Paid,2025-01-15
IPC-PRJ-071-002,PRJ-071,2,2024-11-28,2024-12-28,2024-12-28,15188566,30377132,1518856,266136,13403574,Under Review,
IPC-PRJ-071-003,PRJ-071,3,2024-12-28,2025-01-27,2025-01-27,15188566,45565698,1518856,304172,13365538,Under Review,2025-03-04
IPC-PRJ-071-004,PRJ-071,4,2025-01-27,2025-02-26,2025-02-26,15188566,60754264,1518856,756034,12913676,Certified,2025-04-24
IPC-PRJ-071-005,PRJ-071,5,2025-02-26,2025-03-28,2025-03-28,15188566,75942830,1518856,708769,12960941,Paid,2025-05-06
IPC-PRJ-072-001,PRJ-072,1,2024-10-17,2024-11-16,2024-11-16,11285150,11285150,1128515,166742,9989893,Paid,2024-12-28
IPC-PRJ-072-002,PRJ-072,2,2024-11-16,2024-12-16,2024-12-16,11285150,22570300,1128515,254108,9902527,Certified,2025-01-22
IPC-PRJ-072-003,PRJ-072,3,2024-12-16,2025-01-15,2025-01-15,11285150,33855450,1128515,321379,9835256,Paid,2025-03-10
IPC-PRJ-072-004,PRJ-072,4,2025-01-15,2025-02-14,2025-02-14,11285150,45140600,1128515,340266,9816369,Submitted,2025-03-16
IPC-PRJ-072-005,PRJ-072,5,2025-02-14,2025-03-16,2025-03-16,11285150,56425750,1128515,188020,9968615,Certified,2025-04-19
IPC-PRJ-072-006,PRJ-072,6,2025-03-16,2025-04-15,2025-04-15,11285150,67710900,1128515,83174,10073461,Certified,2025-06-10
IPC-PRJ-072-007,PRJ-072,7,2025-04-15,2025-05-15,2025-05-15,11285150,78996050,1128515,78244,10078391,Certified,
IPC-PRJ-072-008,PRJ-072,8,2025-05-15,2025-06-14,2025-06-14,11285150,90281200,1128515,48845,10107790,Certified,2025-07-19
IPC-PRJ-073-001,PRJ-073,1,2021-03-17,2021-04-16,2021-04-16,41343798,41343798,4134379,890280,36319139,Certified,2021-05-20
IPC-PRJ-073-002,PRJ-073,2,2021-04-16,2021-05-16,2021-05-16,41343798,82687596,4134379,582842,36626577,Paid,2021-07-06
IPC-PRJ-073-003,PRJ-073,3,2021-05-16,2021-06-15,2021-06-15,41343798,124031394,4134379,1623248,35586171,Paid,2021-08-06
IPC-PRJ-073-004,PRJ-073,4,2021-06-15,2021-07-15,2021-07-15,41343798,165375192,4134379,976964,36232455,Under Review,2021-08-31
IPC-PRJ-073-005,PRJ-073,5,2021-07-15,2021-08-14,2021-08-14,41343798,206718990,4134379,1507215,35702204,Certified,2021-09-28
IPC-PRJ-073-006,PRJ-073,6,2021-08-14,2021-09-13,2021-09-13,41343798,248062788,4134379,1235607,35973812,Under Review,2021-11-10
IPC-PRJ-073-007,PRJ-073,7,2021-09-13,2021-10-13,2021-10-13,41343798,289406586,4134379,1396721,35812698,Paid,2021-11-20
IPC-PRJ-073-008,PRJ-073,8,2021-10-13,2021-11-12,2021-11-12,41343798,330750384,4134379,1804839,35404580,Paid,
IPC-PRJ-073-009,PRJ-073,9,2021-11-12,2021-12-12,2021-12-12,41343798,372094182,4134379,359591,36849828,Paid,2022-01-25
IPC-PRJ-073-010,PRJ-073,10,2021-12-12,2022-01-11,2022-01-11,41343798,413437980,4134379,347585,36861834,Paid,2022-02-18
IPC-PRJ-074-001,PRJ-074,1,2024-10-15,2024-11-14,2024-11-14,28563852,28563852,2856385,1044095,24663372,Paid,2025-01-02
IPC-PRJ-074-002,PRJ-074,2,2024-11-14,2024-12-14,2024-12-14,28563852,57127704,2856385,175038,25532429,Submitted,
IPC-PRJ-074-003,PRJ-074,3,2024-12-14,2025-01-13,2025-01-13,28563852,85691556,2856385,929276,24778191,Certified,2025-03-11
IPC-PRJ-074-004,PRJ-074,4,2025-01-13,2025-02-12,2025-02-12,28563852,114255408,2856385,346860,25360607,Paid,2025-04-02
IPC-PRJ-074-005,PRJ-074,5,2025-02-12,2025-03-14,2025-03-14,28563852,142819260,2856385,798801,24908666,Certified,
IPC-PRJ-074-006,PRJ-074,6,2025-03-14,2025-04-13,2025-04-13,28563852,171383112,2856385,590764,25116703,Submitted,2025-05-28
IPC-PRJ-074-007,PRJ-074,7,2025-04-13,2025-05-13,2025-05-13,28563852,199946964,2856385,462215,25245252,Submitted,2025-06-13
IPC-PRJ-074-008,PRJ-074,8,2025-05-13,2025-06-12,2025-06-12,28563852,228510816,2856385,295122,25412345,Submitted,
IPC-PRJ-074-009,PRJ-074,9,2025-06-12,2025-07-12,2025-07-12,28563852,257074668,2856385,553380,25154087,Submitted,2025-08-11
IPC-PRJ-074-010,PRJ-074,10,2025-07-12,2025-08-11,2025-08-11,28563852,285638520,2856385,965093,24742374,Submitted,2025-09-14
IPC-PRJ-075-001,PRJ-075,1,2021-08-07,2021-09-06,2021-09-06,45563968,45563968,4556396,1173693,39833879,Under Review,2021-10-13
IPC-PRJ-075-002,PRJ-075,2,2021-09-06,2021-10-06,2021-10-06,45563968,91127936,4556396,1914242,39093330,Submitted,2021-11-10
IPC-PRJ-075-003,PRJ-075,3,2021-10-06,2021-11-05,2021-11-05,45563968,136691904,4556396,1771393,39236179,Certified,2022-01-03
IPC-PRJ-075-004,PRJ-075,4,2021-11-05,2021-12-05,2021-12-05,45563968,182255872,4556396,418132,40589440,Certified,2022-01-11
IPC-PRJ-075-005,PRJ-075,5,2021-12-05,2022-01-04,2022-01-04,45563968,227819840,4556396,1499902,39507670,Certified,
IPC-PRJ-075-006,PRJ-075,6,2022-01-04,2022-02-03,2022-02-03,45563968,273383808,4556396,878762,40128810,Certified,
IPC-PRJ-075-007,PRJ-075,7,2022-02-03,2022-03-05,2022-03-05,45563968,318947776,4556396,264661,40742911,Paid,
IPC-PRJ-075-008,PRJ-075,8,2022-03-05,2022-04-04,2022-04-04,45563968,364511744,4556396,477322,40530250,Paid,2022-05-13
IPC-PRJ-075-009,PRJ-075,9,2022-04-04,2022-05-04,2022-05-04,45563968,410075712,4556396,1549285,39458287,Certified,2022-06-10
IPC-PRJ-075-010,PRJ-075,10,2022-05-04,2022-06-03,2022-06-03,45563968,455639680,4556396,384318,40623254,Under Review,2022-07-25
IPC-PRJ-076-001,PRJ-076,1,2024-03-09,2024-04-08,2024-04-08,40357980,40357980,4035798,97143,36225039,Paid,2024-05-10
IPC-PRJ-076-002,PRJ-076,2,2024-04-08,2024-05-08,2024-05-08,40357980,80715960,4035798,1392679,34929503,Paid,2024-06-25
IPC-PRJ-076-003,PRJ-076,3,2024-05-08,2024-06-07,2024-06-07,40357980,121073940,4035798,399629,35922553,Submitted,2024-07-21
IPC-PRJ-076-004,PRJ-076,4,2024-06-07,2024-07-07,2024-07-07,40357980,161431920,4035798,753843,35568339,Certified,2024-08-31
IPC-PRJ-076-005,PRJ-076,5,2024-07-07,2024-08-06,2024-08-06,40357980,201789900,4035798,1047881,35274301,Under Review,
IPC-PRJ-077-001,PRJ-077,1,2024-08-11,2024-09-10,2024-09-10,3388483,3388483,338848,27172,3022463,Paid,2024-11-06
IPC-PRJ-077-002,PRJ-077,2,2024-09-10,2024-10-10,2024-10-10,3388483,6776966,338848,116733,2932902,Under Review,2024-11-16
IPC-PRJ-077-003,PRJ-077,3,2024-10-10,2024-11-09,2024-11-09,3388483,10165449,338848,156123,2893512,Certified,2024-12-30
IPC-PRJ-077-004,PRJ-077,4,2024-11-09,2024-12-09,2024-12-09,3388483,13553932,338848,11610,3038025,Submitted,2025-02-04
IPC-PRJ-078-001,PRJ-078,1,2022-08-18,2022-09-17,2022-09-17,16293546,16293546,1629354,5968,14658224,Submitted,2022-11-16
IPC-PRJ-078-002,PRJ-078,2,2022-09-17,2022-10-17,2022-10-17,16293546,32587092,1629354,303483,14360709,Paid,
IPC-PRJ-078-003,PRJ-078,3,2022-10-17,2022-11-16,2022-11-16,16293546,48880638,1629354,164086,14500106,Submitted,2023-01-02
IPC-PRJ-078-004,PRJ-078,4,2022-11-16,2022-12-16,2022-12-16,16293546,65174184,1629354,646531,14017661,Under Review,2023-01-20
IPC-PRJ-078-005,PRJ-078,5,2022-12-16,2023-01-15,2023-01-15,16293546,81467730,1629354,761239,13902953,Paid,2023-02-14
IPC-PRJ-078-006,PRJ-078,6,2023-01-15,2023-02-14,2023-02-14,16293546,97761276,1629354,90,14664102,Certified,
IPC-PRJ-078-007,PRJ-078,7,2023-02-14,2023-03-16,2023-03-16,16293546,114054822,1629354,549682,14114510,Certified,2023-05-12
IPC-PRJ-078-008,PRJ-078,8,2023-03-16,2023-04-15,2023-04-15,16293546,130348368,1629354,726098,13938094,Paid,2023-05-27
IPC-PRJ-078-009,PRJ-078,9,2023-04-15,2023-05-15,2023-05-15,16293546,146641914,1629354,55577,14608615,Under Review,2023-06-24
IPC-PRJ-078-010,PRJ-078,10,2023-05-15,2023-06-14,2023-06-14,16293546,162935460,1629354,89137,14575055,Certified,
IPC-PRJ-079-001,PRJ-079,1,2021-06-29,2021-07-29,2021-07-29,30382161,30382161,3038216,1137674,26206271,Paid,
IPC-PRJ-079-002,PRJ-079,2,2021-07-29,2021-08-28,2021-08-28,30382161,60764322,3038216,580380,26763565,Certified,
IPC-PRJ-079-003,PRJ-079,3,2021-08-28,2021-09-27,2021-09-27,30382161,91146483,3038216,1168349,26175596,Paid,2021-11-21
IPC-PRJ-079-004,PRJ-079,4,2021-09-27,2021-10-27,2021-10-27,30382161,121528644,3038216,68248,27275697,Certified,2021-11-28
IPC-PRJ-079-005,PRJ-079,5,2021-10-27,2021-11-26,2021-11-26,30382161,151910805,3038216,662345,26681600,Paid,
IPC-PRJ-079-006,PRJ-079,6,2021-11-26,2021-12-26,2021-12-26,30382161,182292966,3038216,146911,27197034,Paid,
IPC-PRJ-079-007,PRJ-079,7,2021-12-26,2022-01-25,2022-01-25,30382161,212675127,3038216,687819,26656126,Paid,2022-03-24
IPC-PRJ-079-008,PRJ-079,8,2022-01-25,2022-02-24,2022-02-24,30382161,243057288,3038216,1315203,26028742,Certified,
IPC-PRJ-079-009,PRJ-079,9,2022-02-24,2022-03-26,2022-03-26,30382161,273439449,3038216,316884,27027061,Certified,2022-05-19
IPC-PRJ-079-010,PRJ-079,10,2022-03-26,2022-04-25,2022-04-25,30382161,303821610,3038216,399592,26944353,Paid,2022-06-19
IPC-PRJ-080-001,PRJ-080,1,2024-03-03,2024-04-02,2024-04-02,32544769,32544769,3254476,1586693,27703600,Certified,2024-05-21
IPC-PRJ-080-002,PRJ-080,2,2024-04-02,2024-05-02,2024-05-02,32544769,65089538,3254476,916500,28373793,Certified,
IPC-PRJ-080-003,PRJ-080,3,2024-05-02,2024-06-01,2024-06-01,32544769,97634307,3254476,686470,28603823,Certified,2024-07-27
IPC-PRJ-080-004,PRJ-080,4,2024-06-01,2024-07-01,2024-07-01,32544769,130179076,3254476,696856,28593437,Certified,
IPC-PRJ-080-005,PRJ-080,5,2024-07-01,2024-07-31,2024-07-31,32544769,162723845,3254476,990264,28300029,Certified,
IPC-PRJ-080-006,PRJ-080,6,2024-07-31,2024-08-30,2024-08-30,32544769,195268614,3254476,573287,28717006,Under Review,
IPC-PRJ-080-007,PRJ-080,7,2024-08-30,2024-09-29,2024-09-29,32544769,227813383,3254476,840352,28449941,Certified,2024-11-10
IPC-PRJ-080-008,PRJ-080,8,2024-09-29,2024-10-29,2024-10-29,32544769,260358152,3254476,1238709,28051584,Certified,2024-12-20
IPC-PRJ-080-009,PRJ-080,9,2024-10-29,2024-11-28,2024-11-28,32544769,292902921,3254476,1049063,28241230,Certified,2025-01-21
IPC-PRJ-081-001,PRJ-081,1,2020-04-27,2020-05-27,2020-05-27,28449837,28449837,2844983,1031854,24573000,Certified,2020-07-24
IPC-PRJ-081-002,PRJ-081,2,2020-05-27,2020-06-26,2020-06-26,28449837,56899674,2844983,222075,25382779,Paid,2020-08-10
IPC-PRJ-081-003,PRJ-081,3,2020-06-26,2020-07-26,2020-07-26,28449837,85349511,2844983,1046476,24558378,Submitted,2020-09-03
IPC-PRJ-081-004,PRJ-081,4,2020-07-26,2020-08-25,2020-08-25,28449837,113799348,2844983,1178089,24426765,Paid,2020-09-27
IPC-PRJ-081-005,PRJ-081,5,2020-08-25,2020-09-24,2020-09-24,28449837,142249185,2844983,802543,24802311,Submitted,2020-11-10
IPC-PRJ-081-006,PRJ-081,6,2020-09-24,2020-10-24,2020-10-24,28449837,170699022,2844983,44168,25560686,Submitted,2020-12-14
IPC-PRJ-081-007,PRJ-081,7,2020-10-24,2020-11-23,2020-11-23,28449837,199148859,2844983,692728,24912126,Certified,2020-12-24
IPC-PRJ-081-008,PRJ-081,8,2020-11-23,2020-12-23,2020-12-23,28449837,227598696,2844983,1167396,24437458,Under Review,2021-02-14
IPC-PRJ-081-009,PRJ-081,9,2020-12-23,2021-01-22,2021-01-22,28449837,256048533,2844983,1150082,24454772,Certified,2021-03-03
IPC-PRJ-081-010,PRJ-081,10,2021-01-22,2021-02-21,2021-02-21,28449837,284498370,2844983,97807,25507047,Certified,
IPC-PRJ-082-001,PRJ-082,1,2020-10-07,2020-11-06,2020-11-06,18273999,18273999,1827399,303764,16142836,Submitted,2021-01-03
IPC-PRJ-082-002,PRJ-082,2,2020-11-06,2020-12-06,2020-12-06,18273999,36547998,1827399,292545,16154055,Paid,
IPC-PRJ-082-003,PRJ-082,3,2020-12-06,2021-01-05,2021-01-05,18273999,54821997,1827399,273234,16173366,Under Review,2021-02-19
IPC-PRJ-082-004,PRJ-082,4,2021-01-05,2021-02-04,2021-02-04,18273999,73095996,1827399,829396,15617204,Paid,
IPC-PRJ-082-005,PRJ-082,5,2021-02-04,2021-03-06,2021-03-06,18273999,91369995,1827399,564991,15881609,Submitted,2021-05-02
IPC-PRJ-082-006,PRJ-082,6,2021-03-06,2021-04-05,2021-04-05,18273999,109643994,1827399,45746,16400854,Submitted,2021-05-08
IPC-PRJ-082-007,PRJ-082,7,2021-04-05,2021-05-05,2021-05-05,18273999,127917993,1827399,238373,16208227,Certified,2021-06-25
IPC-PRJ-082-008,PRJ-082,8,2021-05-05,2021-06-04,2021-06-04,18273999,146191992,1827399,435212,16011388,Under Review,2021-07-12
IPC-PRJ-082-009,PRJ-082,9,2021-06-04,2021-07-04,2021-07-04,18273999,164465991,1827399,647415,15799185,Certified,
IPC-PRJ-082-010,PRJ-082,10,2021-07-04,2021-08-03,2021-08-03,18273999,182739990,1827399,149924,16296676,Certified,
IPC-PRJ-083-001,PRJ-083,1,2020-06-23,2020-07-23,2020-07-23,13403578,13403578,1340357,590809,11472412,Paid,2020-08-31
IPC-PRJ-083-002,PRJ-083,2,2020-07-23,2020-08-22,2020-08-22,13403578,26807156,1340357,157147,11906074,Submitted,2020-10-03
IPC-PRJ-083-003,PRJ-083,3,2020-08-22,2020-09-21,2020-09-21,13403578,40210734,1340357,565154,11498067,Submitted,2020-10-21
IPC-PRJ-083-004,PRJ-083,4,2020-09-21,2020-10-21,2020-10-21,13403578,53614312,1340357,46233,12016988,Certified,2020-12-18
IPC-PRJ-083-005,PRJ-083,5,2020-10-21,2020-11-20,2020-11-20,13403578,67017890,1340357,277535,11785686,Under Review,2021-01-07
IPC-PRJ-083-006,PRJ-083,6,2020-11-20,2020-12-20,2020-12-20,13403578,80421468,1340357,495355,11567866,Under Review,2021-01-26
IPC-PRJ-083-007,PRJ-083,7,2020-12-20,2021-01-19,2021-01-19,13403578,93825046,1340357,624918,11438303,Paid,2021-03-04
IPC-PRJ-083-008,PRJ-083,8,2021-01-19,2021-02-18,2021-02-18,13403578,107228624,1340357,410448,11652773,Certified,2021-04-10
IPC-PRJ-083-009,PRJ-083,9,2021-02-18,2021-03-20,2021-03-20,13403578,120632202,1340357,49672,12013549,Certified,
IPC-PRJ-083-010,PRJ-083,10,2021-03-20,2021-04-19,2021-04-19,13403578,134035780,1340357,481285,11581936,Submitted,2021-05-19
IPC-PRJ-084-001,PRJ-084,1,2021-12-23,2022-01-22,2022-01-22,1826378,1826378,182637,64790,1578951,Certified,
IPC-PRJ-084-002,PRJ-084,2,2022-01-22,2022-02-21,2022-02-21,1826378,3652756,182637,90152,1553589,Certified,2022-04-22
IPC-PRJ-084-003,PRJ-084,3,2022-02-21,2022-03-23,2022-03-23,1826378,5479134,182637,14533,1629208,Paid,2022-05-20
IPC-PRJ-084-004,PRJ-084,4,2022-03-23,2022-04-22,2022-04-22,1826378,7305512,182637,782,1642959,Submitted,2022-06-20
IPC-PRJ-084-005,PRJ-084,5,2022-04-22,2022-05-22,2022-05-22,1826378,9131890,182637,62030,1581711,Paid,
IPC-PRJ-084-006,PRJ-084,6,2022-05-22,2022-06-21,2022-06-21,1826378,10958268,182637,66440,1577301,Certified,2022-08-01
IPC-PRJ-084-007,PRJ-084,7,2022-06-21,2022-07-21,2022-07-21,1826378,12784646,182637,59841,1583900,Certified,
IPC-PRJ-084-008,PRJ-084,8,2022-07-21,2022-08-20,2022-08-20,1826378,14611024,182637,81937,1561804,Certified,2022-10-04
IPC-PRJ-084-009,PRJ-084,9,2022-08-20,2022-09-19,2022-09-19,1826378,16437402,182637,5995,1637746,Certified,2022-10-23
IPC-PRJ-084-010,PRJ-084,10,2022-09-19,2022-10-19,2022-10-19,1826378,18263780,182637,90185,1553556,Submitted,2022-11-23
IPC-PRJ-085-001,PRJ-085,1,2025-02-12,2025-03-14,2025-03-14,28089511,28089511,2808951,370937,24909623,Paid,2025-04-22
IPC-PRJ-085-002,PRJ-085,2,2025-03-14,2025-04-13,2025-04-13,28089511,56179022,2808951,1229339,24051221,Submitted,
IPC-PRJ-086-001,PRJ-086,1,2021-11-10,2021-12-10,2021-12-10,11536969,11536969,1153696,11191,10372082,Paid,2022-01-13
IPC-PRJ-086-002,PRJ-086,2,2021-12-10,2022-01-09,2022-01-09,11536969,23073938,1153696,116124,10267149,Certified,
IPC-PRJ-086-003,PRJ-086,3,2022-01-09,2022-02-08,2022-02-08,11536969,34610907,1153696,185289,10197984,Paid,2022-03-25
IPC-PRJ-086-004,PRJ-086,4,2022-02-08,2022-03-10,2022-03-10,11536969,46147876,1153696,560711,9822562,Under Review,
IPC-PRJ-086-005,PRJ-086,5,2022-03-10,2022-04-09,2022-04-09,11536969,57684845,1153696,486399,9896874,Certified,2022-05-10
IPC-PRJ-086-006,PRJ-086,6,2022-04-09,2022-05-09,2022-05-09,11536969,69221814,1153696,549325,9833948,Paid,2022-06-13
IPC-PRJ-086-007,PRJ-086,7,2022-05-09,2022-06-08,2022-06-08,11536969,80758783,1153696,47121,10336152,Certified,2022-08-02
IPC-PRJ-086-008,PRJ-086,8,2022-06-08,2022-07-08,2022-07-08,11536969,92295752,1153696,280604,10102669,Certified,2022-08-27
IPC-PRJ-086-009,PRJ-086,9,2022-07-08,2022-08-07,2022-08-07,11536969,103832721,1153696,410077,9973196,Paid,2022-09-23
IPC-PRJ-086-010,PRJ-086,10,2022-08-07,2022-09-06,2022-09-06,11536969,115369690,1153696,565706,9817567,Submitted,
IPC-PRJ-087-001,PRJ-087,1,2020-03-02,2020-04-01,2020-04-01,5198742,5198742,519874,175943,4502925,Under Review,2020-05-13
IPC-PRJ-087-002,PRJ-087,2,2020-04-01,2020-05-01,2020-05-01,5198742,10397484,519874,209085,4469783,Under Review,
IPC-PRJ-087-003,PRJ-087,3,2020-05-01,2020-05-31,2020-05-31,5198742,15596226,519874,56669,4622199,Certified,
IPC-PRJ-087-004,PRJ-087,4,2020-05-31,2020-06-30,2020-06-30,5198742,20794968,519874,3816,4675052,Paid,2020-08-03
IPC-PRJ-087-005,PRJ-087,5,2020-06-30,2020-07-30,2020-07-30,5198742,25993710,519874,93762,4585106,Certified,2020-08-30
IPC-PRJ-087-006,PRJ-087,6,2020-07-30,2020-08-29,2020-08-29,5198742,31192452,519874,207651,4471217,Submitted,2020-10-25
IPC-PRJ-087-007,PRJ-087,7,2020-08-29,2020-09-28,2020-09-28,5198742,36391194,519874,170113,4508755,Under Review,2020-11-20
IPC-PRJ-087-008,PRJ-087,8,2020-09-28,2020-10-28,2020-10-28,5198742,41589936,519874,171382,4507486,Certified,2020-12-11
IPC-PRJ-087-009,PRJ-087,9,2020-10-28,2020-11-27,2020-11-27,5198742,46788678,519874,16323,4662545,Under Review,2021-01-25
IPC-PRJ-087-010,PRJ-087,10,2020-11-27,2020-12-27,2020-12-27,5198742,51987420,519874,88355,4590513,Paid,2021-02-23
IPC-PRJ-088-001,PRJ-088,1,2024-06-23,2024-07-23,2024-07-23,23747854,23747854,2374785,221477,21151592,Certified,
IPC-PRJ-089-001,PRJ-089,1,2024-01-25,2024-02-24,2024-02-24,27495853,27495853,2749585,918786,23827482,Certified,2024-04-07
IPC-PRJ-089-002,PRJ-089,2,2024-02-24,2024-03-25,2024-03-25,27495853,54991706,2749585,866858,23879410,Under Review,2024-05-06
IPC-PRJ-089-003,PRJ-089,3,2024-03-25,2024-04-24,2024-04-24,27495853,82487559,2749585,728173,24018095,Paid,2024-06-22
IPC-PRJ-089-004,PRJ-089,4,2024-04-24,2024-05-24,2024-05-24,27495853,109983412,2749585,404461,24341807,Certified,2024-06-24
IPC-PRJ-090-001,PRJ-090,1,2020-01-03,2020-02-02,2020-02-02,12303951,12303951,1230395,139202,10934354,Certified,
IPC-PRJ-090-002,PRJ-090,2,2020-02-02,2020-03-03,2020-03-03,12303951,24607902,1230395,393967,10679589,Paid,2020-05-01
IPC-PRJ-090-003,PRJ-090,3,2020-03-03,2020-04-02,2020-04-02,12303951,36911853,1230395,151302,10922254,Submitted,2020-05-07
IPC-PRJ-090-004,PRJ-090,4,2020-04-02,2020-05-02,2020-05-02,12303951,49215804,1230395,342073,10731483,Certified,2020-06-26
IPC-PRJ-090-005,PRJ-090,5,2020-05-02,2020-06-01,2020-06-01,12303951,61519755,1230395,576276,10497280,Submitted,2020-07-09
IPC-PRJ-090-006,PRJ-090,6,2020-06-01,2020-07-01,2020-07-01,12303951,73823706,1230395,19232,11054324,Paid,2020-08-25
IPC-PRJ-090-007,PRJ-090,7,2020-07-01,2020-07-31,2020-07-31,12303951,86127657,1230395,485581,10587975,Under Review,2020-09-27
IPC-PRJ-090-008,PRJ-090,8,2020-07-31,2020-08-30,2020-08-30,12303951,98431608,1230395,585992,10487564,Certified,2020-10-25
IPC-PRJ-090-009,PRJ-090,9,2020-08-30,2020-09-29,2020-09-29,12303951,110735559,1230395,561844,10511712,Under Review,2020-11-07
IPC-PRJ-090-010,PRJ-090,10,2020-09-29,2020-10-29,2020-10-29,12303951,123039510,1230395,122959,10950597,Submitted,2020-12-18
IPC-PRJ-091-001,PRJ-091,1,2022-10-27,2022-11-26,2022-11-26,8089951,8089951,808995,2341,7278615,Certified,2023-01-12
IPC-PRJ-092-001,PRJ-092,1,2025-03-23,2025-04-22,2025-04-22,8148000,8148000,814800,153549,7179651,Paid,
IPC-PRJ-092-002,PRJ-092,2,2025-04-22,2025-05-22,2025-05-22,8148000,16296000,814800,126273,7206927,Paid,2025-07-16
IPC-PRJ-092-003,PRJ-092,3,2025-05-22,2025-06-21,2025-06-21,8148000,24444000,814800,295470,7037730,Under Review,2025-08-14
IPC-PRJ-093-001,PRJ-093,1,2021-09-17,2021-10-17,2021-10-17,16104296,16104296,1610429,6098,14487769,Certified,2021-11-23
IPC-PRJ-093-002,PRJ-093,2,2021-10-17,2021-11-16,2021-11-16,16104296,32208592,1610429,735641,13758226,Certified,2022-01-07
IPC-PRJ-093-003,PRJ-093,3,2021-11-16,2021-12-16,2021-12-16,16104296,48312888,1610429,434203,14059664,Submitted,2022-02-03
IPC-PRJ-093-004,PRJ-093,4,2021-12-16,2022-01-15,2022-01-15,16104296,64417184,1610429,730136,13763731,Paid,2022-02-15
IPC-PRJ-093-005,PRJ-093,5,2022-01-15,2022-02-14,2022-02-14,16104296,80521480,1610429,402457,14091410,Certified,2022-04-12
IPC-PRJ-093-006,PRJ-093,6,2022-02-14,2022-03-16,2022-03-16,16104296,96625776,1610429,716430,13777437,Under Review,2022-05-04
IPC-PRJ-093-007,PRJ-093,7,2022-03-16,2022-04-15,2022-04-15,16104296,112730072,1610429,5572,14488295,Certified,
IPC-PRJ-093-008,PRJ-093,8,2022-04-15,2022-05-15,2022-05-15,16104296,128834368,1610429,640261,13853606,Submitted,2022-07-14
IPC-PRJ-093-009,PRJ-093,9,2022-05-15,2022-06-14,2022-06-14,16104296,144938664,1610429,330176,14163691,Paid,2022-07-21
IPC-PRJ-093-010,PRJ-093,10,2022-06-14,2022-07-14,2022-07-14,16104296,161042960,1610429,60487,14433380,Certified,2022-08-17
IPC-PRJ-094-001,PRJ-094,1,2021-02-09,2021-03-11,2021-03-11,15808183,15808183,1580818,512306,13715059,Paid,2021-04-10
IPC-PRJ-094-002,PRJ-094,2,2021-03-11,2021-04-10,2021-04-10,15808183,31616366,1580818,167568,14059797,Certified,2021-05-21
IPC-PRJ-094-003,PRJ-094,3,2021-04-10,2021-05-10,2021-05-10,15808183,47424549,1580818,119099,14108266,Under Review,
IPC-PRJ-094-004,PRJ-094,4,2021-05-10,2021-06-09,2021-06-09,15808183,63232732,1580818,50085,14177280,Certified,2021-08-03
IPC-PRJ-094-005,PRJ-094,5,2021-06-09,2021-07-09,2021-07-09,15808183,79040915,1580818,52358,14175007,Submitted,2021-08-25
IPC-PRJ-094-006,PRJ-094,6,2021-07-09,2021-08-08,2021-08-08,15808183,94849098,1580818,343694,13883671,Certified,2021-09-22
IPC-PRJ-094-007,PRJ-094,7,2021-08-08,2021-09-07,2021-09-07,15808183,110657281,1580818,219939,14007426,Paid,2021-10-07
IPC-PRJ-094-008,PRJ-094,8,2021-09-07,2021-10-07,2021-10-07,15808183,126465464,1580818,568264,13659101,Certified,
IPC-PRJ-094-009,PRJ-094,9,2021-10-07,2021-11-06,2021-11-06,15808183,142273647,1580818,322391,13904974,Submitted,2021-12-22
IPC-PRJ-094-010,PRJ-094,10,2021-11-06,2021-12-06,2021-12-06,15808183,158081830,1580818,172606,14054759,Paid,2022-01-05
IPC-PRJ-095-001,PRJ-095,1,2022-11-24,2022-12-24,2022-12-24,30862842,30862842,3086284,932000,26844558,Under Review,2023-01-30
IPC-PRJ-095-002,PRJ-095,2,2022-12-24,2023-01-23,2023-01-23,30862842,61725684,3086284,385423,27391135,Submitted,2023-02-26
IPC-PRJ-095-003,PRJ-095,3,2023-01-23,2023-02-22,2023-02-22,30862842,92588526,3086284,1124585,26651973,Certified,
IPC-PRJ-095-004,PRJ-095,4,2023-02-22,2023-03-24,2023-03-24,30862842,123451368,3086284,775514,27001044,Submitted,
IPC-PRJ-095-005,PRJ-095,5,2023-03-24,2023-04-23,2023-04-23,30862842,154314210,3086284,690961,27085597,Under Review,
IPC-PRJ-095-006,PRJ-095,6,2023-04-23,2023-05-23,2023-05-23,30862842,185177052,3086284,169073,27607485,Submitted,2023-07-09
IPC-PRJ-095-007,PRJ-095,7,2023-05-23,2023-06-22,2023-06-22,30862842,216039894,3086284,1069851,26706707,Certified,2023-08-15
IPC-PRJ-095-008,PRJ-095,8,2023-06-22,2023-07-22,2023-07-22,30862842,246902736,3086284,724621,27051937,Submitted,2023-08-24
IPC-PRJ-095-009,PRJ-095,9,2023-07-22,2023-08-21,2023-08-21,30862842,277765578,3086284,436761,27339797,Paid,2023-09-23
IPC-PRJ-095-010,PRJ-095,10,2023-08-21,2023-09-20,2023-09-20,30862842,308628420,3086284,1112745,26663813,Paid,
IPC-PRJ-096-001,PRJ-096,1,2021-07-05,2021-08-04,2021-08-04,36984682,36984682,3698468,1075591,32210623,Submitted,2021-09-05
IPC-PRJ-096-002,PRJ-096,2,2021-08-04,2021-09-03,2021-09-03,36984682,73969364,3698468,1723267,31562947,Certified,
IPC-PRJ-096-003,PRJ-096,3,2021-09-03,2021-10-03,2021-10-03,36984682,110954046,3698468,46275,33239939,Paid,2021-11-02
IPC-PRJ-096-004,PRJ-096,4,2021-10-03,2021-11-02,2021-11-02,36984682,147938728,3698468,1033085,32253129,Certified,2021-12-03
IPC-PRJ-096-005,PRJ-096,5,2021-11-02,2021-12-02,2021-12-02,36984682,184923410,3698468,576398,32709816,Paid,2022-01-03
IPC-PRJ-096-006,PRJ-096,6,2021-12-02,2022-01-01,2022-01-01,36984682,221908092,3698468,694619,32591595,Certified,2022-03-01
IPC-PRJ-096-007,PRJ-096,7,2022-01-01,2022-01-31,2022-01-31,36984682,258892774,3698468,1757116,31529098,Under Review,
IPC-PRJ-096-008,PRJ-096,8,2022-01-31,2022-03-02,2022-03-02,36984682,295877456,3698468,1618344,31667870,Under Review,2022-04-23
IPC-PRJ-096-009,PRJ-096,9,2022-03-02,2022-04-01,2022-04-01,36984682,332862138,3698468,1310651,31975563,Under Review,2022-05-13
IPC-PRJ-096-010,PRJ-096,10,2022-04-01,2022-05-01,2022-05-01,36984682,369846820,3698468,1178086,32108128,Paid,2022-06-18
IPC-PRJ-097-001,PRJ-097,1,2022-10-02,2022-11-01,2022-11-01,45693417,45693417,4569341,1112448,40011628,Certified,
IPC-PRJ-097-002,PRJ-097,2,2022-11-01,2022-12-01,2022-12-01,45693417,91386834,4569341,1952313,39171763,Paid,
IPC-PRJ-097-003,PRJ-097,3,2022-12-01,2022-12-31,2022-12-31,45693417,137080251,4569341,632726,40491350,Paid,2023-02-26
IPC-PRJ-097-004,PRJ-097,4,2022-12-31,2023-01-30,2023-01-30,45693417,182773668,4569341,854190,40269886,Paid,
IPC-PRJ-097-005,PRJ-097,5,2023-01-30,2023-03-01,2023-03-01,45693417,228467085,4569341,214891,40909185,Certified,2023-04-13
IPC-PRJ-097-006,PRJ-097,6,2023-03-01,2023-03-31,2023-03-31,45693417,274160502,4569341,190282,40933794,Certified,
IPC-PRJ-097-007,PRJ-097,7,2023-03-31,2023-04-30,2023-04-30,45693417,319853919,4569341,1265293,39858783,Submitted,
IPC-PRJ-097-008,PRJ-097,8,2023-04-30,2023-05-30,2023-05-30,45693417,365547336,4569341,860600,40263476,Paid,2023-07-18
IPC-PRJ-097-009,PRJ-097,9,2023-05-30,2023-06-29,2023-06-29,45693417,411240753,4569341,363010,40761066,Under Review,2023-08-15
IPC-PRJ-097-010,PRJ-097,10,2023-06-29,2023-07-29,2023-07-29,45693417,456934170,4569341,291581,40832495,Paid,
IPC-PRJ-098-001,PRJ-098,1,2020-07-04,2020-08-03,2020-08-03,44128406,44128406,4412840,1804615,37910951,Certified,2020-09-29
IPC-PRJ-098-002,PRJ-098,2,2020-08-03,2020-09-02,2020-09-02,44128406,88256812,4412840,795630,38919936,Certified,
IPC-PRJ-098-003,PRJ-098,3,2020-09-02,2020-10-02,2020-10-02,44128406,132385218,4412840,1793156,37922410,Certified,2020-11-07
IPC-PRJ-098-004,PRJ-098,4,2020-10-02,2020-11-01,2020-11-01,44128406,176513624,4412840,352481,39363085,Paid,2020-12-24
IPC-PRJ-098-005,PRJ-098,5,2020-11-01,2020-12-01,2020-12-01,44128406,220642030,4412840,1321697,38393869,Paid,2021-01-25
IPC-PRJ-098-006,PRJ-098,6,2020-12-01,2020-12-31,2020-12-31,44128406,264770436,4412840,1174189,38541377,Certified,2021-02-16
IPC-PRJ-098-007,PRJ-098,7,2020-12-31,2021-01-30,2021-01-30,44128406,308898842,4412840,492162,39223404,Certified,
IPC-PRJ-098-008,PRJ-098,8,2021-01-30,2021-03-01,2021-03-01,44128406,353027248,4412840,1340560,38375006,Submitted,2021-04-12
IPC-PRJ-098-009,PRJ-098,9,2021-03-01,2021-03-31,2021-03-31,44128406,397155654,4412840,976058,38739508,Paid,2021-05-03
IPC-PRJ-098-010,PRJ-098,10,2021-03-31,2021-04-30,2021-04-30,44128406,441284060,4412840,1877984,37837582,Paid,2021-06-14
IPC-PRJ-099-001,PRJ-099,1,2020-03-09,2020-04-08,2020-04-08,21572094,21572094,2157209,861617,18553268,Under Review,
IPC-PRJ-099-002,PRJ-099,2,2020-04-08,2020-05-08,2020-05-08,21572094,43144188,2157209,97241,19317644,Under Review,
IPC-PRJ-099-003,PRJ-099,3,2020-05-08,2020-06-07,2020-06-07,21572094,64716282,2157209,589700,18825185,Under Review,2020-07-13
IPC-PRJ-099-004,PRJ-099,4,2020-06-07,2020-07-07,2020-07-07,21572094,86288376,2157209,504734,18910151,Under Review,2020-08-22
IPC-PRJ-099-005,PRJ-099,5,2020-07-07,2020-08-06,2020-08-06,21572094,107860470,2157209,501883,18913002,Submitted,2020-09-17
IPC-PRJ-099-006,PRJ-099,6,2020-08-06,2020-09-05,2020-09-05,21572094,129432564,2157209,8529,19406356,Under Review,2020-10-24
IPC-PRJ-099-007,PRJ-099,7,2020-09-05,2020-10-05,2020-10-05,21572094,151004658,2157209,322038,19092847,Certified,
IPC-PRJ-099-008,PRJ-099,8,2020-10-05,2020-11-04,2020-11-04,21572094,172576752,2157209,12095,19402790,Submitted,2020-12-11
IPC-PRJ-099-009,PRJ-099,9,2020-11-04,2020-12-04,2020-12-04,21572094,194148846,2157209,913344,18501541,Certified,2021-01-12
IPC-PRJ-099-010,PRJ-099,10,2020-12-04,2021-01-03,2021-01-03,21572094,215720940,2157209,980003,18434882,Submitted,2021-02-22
IPC-PRJ-100-001,PRJ-100,1,2021-04-03,2021-05-03,2021-05-03,36077280,36077280,3607728,320511,32149041,Certified,
IPC-PRJ-100-002,PRJ-100,2,2021-05-03,2021-06-02,2021-06-02,36077280,72154560,3607728,335947,32133605,Certified,2021-07-25
IPC-PRJ-100-003,PRJ-100,3,2021-06-02,2021-07-02,2021-07-02,36077280,108231840,3607728,1061661,31407891,Paid,2021-08-14
IPC-PRJ-100-004,PRJ-100,4,2021-07-02,2021-08-01,2021-08-01,36077280,144309120,3607728,424751,32044801,Certified,2021-09-11
IPC-PRJ-100-005,PRJ-100,5,2021-08-01,2021-08-31,2021-08-31,36077280,180386400,3607728,430249,32039303,Certified,
IPC-PRJ-100-006,PRJ-100,6,2021-08-31,2021-09-30,2021-09-30,36077280,216463680,3607728,121391,32348161,Paid,2021-11-29
IPC-PRJ-100-007,PRJ-100,7,2021-09-30,2021-10-30,2021-10-30,36077280,252540960,3607728,308771,32160781,Under Review,
IPC-PRJ-100-008,PRJ-100,8,2021-10-30,2021-11-29,2021-11-29,36077280,288618240,3607728,1791900,30677652,Submitted,2021-12-29
IPC-PRJ-100-009,PRJ-100,9,2021-11-29,2021-12-29,2021-12-29,36077280,324695520,3607728,195806,32273746,Paid,2022-02-15
IPC-PRJ-100-010,PRJ-100,10,2021-12-29,2022-01-28,2022-01-28,36077280,360772800,3607728,1136672,31332880,Under Review,
