phase_id,project_id,phase_name,planned_start,planned_end,actual_start,actual_end,status,progress_pct,budget_aed
PH-PRJ-001-01,PRJ-001,Enabling Works,2022-05-04,2022-07-01,2022-05-04,2022-07-01,Completed,100,4888758
PH-PRJ-001-02,PRJ-001,Excavation & Shoring,2022-07-01,2022-10-26,2022-07-01,2022-10-26,Completed,100,9777516
PH-PRJ-001-03,PRJ-001,Piling,2022-10-26,2023-03-15,2022-10-26,2023-03-15,Completed,100,11733019
PH-PRJ-001-04,PRJ-001,Substructure,2023-03-15,2023-09-06,2023-03-15,2023-09-06,Completed,100,14666274
PH-PRJ-001-05,PRJ-001,Superstructure,2023-09-06,2024-06-24,2023-09-06,2024-06-24,Completed,100,24443791
PH-PRJ-001-06,PRJ-001,MEP Rough-In,2024-06-24,2024-10-19,2024-06-24,2024-10-19,Completed,100,9777516
PH-PRJ-001-07,PRJ-001,Facade,2024-10-19,2025-01-20,2024-10-19,2025-01-20,Completed,100,7822013
PH-PRJ-001-08,PRJ-001,Finishes,2025-01-20,2025-05-17,2025-01-20,2025-05-17,Completed,100,9777516
PH-PRJ-001-09,PRJ-001,Testing & Commissioning,2025-05-17,2025-06-21,2025-05-17,2025-06-21,Completed,100,2933254
PH-PRJ-001-10,PRJ-001,Handover,2025-06-21,2025-07-14,2025-06-21,2025-07-14,Completed,100,1955503
PH-PRJ-002-01,PRJ-002,Enabling Works,2022-05-19,2022-07-03,2022-05-19,2022-07-03,Completed,100,13642019
PH-PRJ-002-02,PRJ-002,Excavation & Shoring,2022-07-03,2022-10-01,2022-07-03,2022-10-01,Completed,100,27284039
PH-PRJ-002-03,PRJ-002,Piling,2022-10-01,2023-01-17,2022-10-01,2023-01-17,Completed,100,32740847
PH-PRJ-002-04,PRJ-002,Substructure,2023-01-17,2023-06-01,2023-01-17,2023-06-01,Completed,100,40926059
PH-PRJ-002-05,PRJ-002,Superstructure,2023-06-01,2024-01-12,2023-06-01,2024-01-12,Completed,100,68210098
PH-PRJ-002-06,PRJ-002,MEP Rough-In,2024-01-12,2024-04-11,2024-01-12,2024-04-11,Completed,100,27284039
PH-PRJ-002-07,PRJ-002,Facade,2024-04-11,2024-06-22,2024-04-11,2024-06-22,Completed,100,21827231
PH-PRJ-002-08,PRJ-002,Finishes,2024-06-22,2024-09-20,2024-06-22,2024-09-20,Completed,100,27284039
PH-PRJ-002-09,PRJ-002,Testing & Commissioning,2024-09-20,2024-10-17,2024-09-20,2024-10-17,Completed,100,8185211
PH-PRJ-002-10,PRJ-002,Handover,2024-10-17,2024-11-04,2024-10-17,2024-11-04,Completed,100,5456807
PH-PRJ-003-01,PRJ-003,Enabling Works,2023-10-17,2023-11-26,2023-10-17,2023-11-26,Completed,100,17181684
PH-PRJ-003-02,PRJ-003,Excavation & Shoring,2023-11-26,2024-02-15,2023-11-26,2024-02-15,Completed,100,34363368
PH-PRJ-003-03,PRJ-003,Piling,2024-02-15,2024-05-22,2024-02-15,2024-05-22,Completed,100,41236041
PH-PRJ-003-04,PRJ-003,Substructure,2024-05-22,2024-09-20,2024-05-22,2024-09-20,Completed,100,51545052
PH-PRJ-003-05,PRJ-003,Superstructure,2024-09-20,2025-04-10,2024-09-20,2025-04-10,Completed,100,85908420
PH-PRJ-003-06,PRJ-003,MEP Rough-In,2025-04-10,2025-06-30,2025-04-10,2025-06-30,Completed,100,34363368
PH-PRJ-003-07,PRJ-003,Facade,2025-06-30,2025-09-02,2025-06-30,2025-09-02,Completed,100,27490694
PH-PRJ-003-08,PRJ-003,Finishes,2025-09-02,2025-11-22,2025-09-02,2025-11-22,Completed,100,34363368
PH-PRJ-003-09,PRJ-003,Testing & Commissioning,2025-11-22,2025-12-16,2025-11-22,2025-12-16,Completed,100,10309010
PH-PRJ-003-10,PRJ-003,Handover,2025-12-16,2026-01-01,2025-12-16,2026-01-01,Completed,100,6872673
PH-PRJ-004-01,PRJ-004,Enabling Works,2021-04-06,2021-05-30,2021-04-06,2021-05-30,Completed,100,7509452
PH-PRJ-004-02,PRJ-004,Excavation & Shoring,2021-05-30,2021-09-15,2021-05-30,2021-09-15,Completed,100,15018905
PH-PRJ-004-03,PRJ-004,Piling,2021-09-15,2022-01-22,2021-09-15,2022-01-22,Completed,100,18022686
PH-PRJ-004-04,PRJ-004,Substructure,2022-01-22,2022-07-03,2022-01-22,2022-07-03,Completed,100,22528358
PH-PRJ-004-05,PRJ-004,Superstructure,2022-07-03,2023-03-30,2022-07-03,2023-03-30,Completed,100,37547263
PH-PRJ-004-06,PRJ-004,MEP Rough-In,2023-03-30,2023-07-16,2023-03-30,2023-07-16,Completed,100,15018905
PH-PRJ-004-07,PRJ-004,Facade,2023-07-16,2023-10-10,2023-07-16,2023-10-10,Completed,100,12015124
PH-PRJ-004-08,PRJ-004,Finishes,2023-10-10,2024-01-26,2023-10-10,2024-01-26,Completed,100,15018905
PH-PRJ-004-09,PRJ-004,Testing & Commissioning,2024-01-26,2024-02-27,2024-01-26,2024-02-27,Completed,100,4505671
PH-PRJ-004-10,PRJ-004,Handover,2024-02-27,2024-03-19,2024-02-27,2024-03-19,Completed,100,3003781
PH-PRJ-005-01,PRJ-005,Enabling Works,2020-04-17,2020-05-26,2020-04-17,2020-05-26,Completed,100,4534895
PH-PRJ-005-02,PRJ-005,Excavation & Shoring,2020-05-26,2020-08-12,2020-05-26,2020-08-12,Completed,100,9069791
PH-PRJ-005-03,PRJ-005,Piling,2020-08-12,2020-11-13,2020-08-12,2020-11-13,Completed,100,10883750
PH-PRJ-005-04,PRJ-005,Substructure,2020-11-13,2021-03-10,2020-11-13,2021-03-10,Completed,100,13604687
PH-PRJ-005-05,PRJ-005,Superstructure,2021-03-10,2021-09-21,2021-03-10,2021-09-21,Completed,100,22674479
PH-PRJ-005-06,PRJ-005,MEP Rough-In,2021-09-21,2021-12-08,2021-09-21,2021-12-08,Completed,100,9069791
PH-PRJ-005-07,PRJ-005,Facade,2021-12-08,2022-02-08,2021-12-08,2022-02-08,Completed,100,7255833
PH-PRJ-005-08,PRJ-005,Finishes,2022-02-08,2022-04-27,2022-02-08,2022-04-27,Completed,100,9069791
PH-PRJ-005-09,PRJ-005,Testing & Commissioning,2022-04-27,2022-05-20,2022-04-27,2022-05-20,Completed,100,2720937
PH-PRJ-005-10,PRJ-005,Handover,2022-05-20,2022-06-04,2022-05-20,2022-06-04,Completed,100,1813958
PH-PRJ-006-01,PRJ-006,Enabling Works,2025-03-22,2025-05-12,2025-03-22,2025-05-12,Completed,100,22777700
PH-PRJ-006-02,PRJ-006,Excavation & Shoring,2025-05-12,2025-08-22,2025-05-12,2025-08-22,Completed,100,45555401
PH-PRJ-006-03,PRJ-006,Piling,2025-08-22,2025-12-22,2025-08-22,2025-12-22,Completed,100,54666481
PH-PRJ-006-04,PRJ-006,Substructure,2025-12-22,2026-05-24,2025-12-22,,In Progress,38,68333102
PH-PRJ-006-05,PRJ-006,Superstructure,2026-05-24,2027-02-03,,,Not Started,0,113888503
PH-PRJ-006-06,PRJ-006,MEP Rough-In,2027-02-03,2027-05-16,,,Not Started,0,45555401
PH-PRJ-006-07,PRJ-006,Facade,2027-05-16,2027-08-05,,,Not Started,0,36444321
PH-PRJ-006-08,PRJ-006,Finishes,2027-08-05,2027-11-15,,,Not Started,0,45555401
PH-PRJ-006-09,PRJ-006,Testing & Commissioning,2027-11-15,2027-12-15,,,Not Started,0,13666620
PH-PRJ-006-10,PRJ-006,Handover,2027-12-15,2028-01-04,,,Not Started,0,9111080
PH-PRJ-007-01,PRJ-007,Enabling Works,2025-04-07,2025-06-18,2025-04-07,2025-06-18,Completed,100,5302858
PH-PRJ-007-02,PRJ-007,Excavation & Shoring,2025-06-18,2025-11-09,2025-06-18,2025-11-09,Completed,100,10605717
PH-PRJ-007-03,PRJ-007,Piling,2025-11-09,2026-04-30,2025-11-09,,In Progress,50,12726861
PH-PRJ-007-04,PRJ-007,Substructure,2026-04-30,2026-12-02,,,Not Started,0,15908576
PH-PRJ-007-05,PRJ-007,Superstructure,2026-12-02,2027-11-27,,,Not Started,0,26514294
PH-PRJ-007-06,PRJ-007,MEP Rough-In,2027-11-27,2028-04-19,,,Not Started,0,10605717
PH-PRJ-007-07,PRJ-007,Facade,2028-04-19,2028-08-12,,,Not Started,0,8484574
PH-PRJ-007-08,PRJ-007,Finishes,2028-08-12,2029-01-03,,,Not Started,0,10605717
PH-PRJ-007-09,PRJ-007,Testing & Commissioning,2029-01-03,2029-02-15,,,Not Started,0,3181715
PH-PRJ-007-10,PRJ-007,Handover,2029-02-15,2029-03-15,,,Not Started,0,2121143
PH-PRJ-008-01,PRJ-008,Enabling Works,2025-03-31,2025-04-18,2025-03-31,2025-04-18,Completed,100,9154916
PH-PRJ-008-02,PRJ-008,Excavation & Shoring,2025-04-18,2025-05-24,2025-04-18,2025-05-24,Completed,100,18309832
PH-PRJ-008-03,PRJ-008,Piling,2025-05-24,2025-07-06,2025-05-24,2025-07-06,Completed,100,21971799
PH-PRJ-008-04,PRJ-008,Substructure,2025-07-06,2025-08-29,2025-07-06,2025-08-29,Completed,100,27464749
PH-PRJ-008-05,PRJ-008,Superstructure,2025-08-29,2025-11-27,2025-08-29,2025-11-27,Completed,100,45774582
PH-PRJ-008-06,PRJ-008,MEP Rough-In,2025-11-27,2026-01-02,2025-11-27,2026-01-02,Completed,100,18309832
PH-PRJ-008-07,PRJ-008,Facade,2026-01-02,2026-01-30,2026-01-02,2026-01-30,Completed,100,14647866
PH-PRJ-008-08,PRJ-008,Finishes,2026-01-30,2026-03-07,2026-01-30,,In Progress,75,18309832
PH-PRJ-008-09,PRJ-008,Testing & Commissioning,2026-03-07,2026-03-17,,,Not Started,0,5492949
PH-PRJ-008-10,PRJ-008,Handover,2026-03-17,2026-03-24,,,Not Started,0,3661966
PH-PRJ-009-01,PRJ-009,Enabling Works,2022-02-02,2022-03-02,2022-02-02,2022-03-02,Completed,100,22972548
PH-PRJ-009-02,PRJ-009,Excavation & Shoring,2022-03-02,2022-04-28,2022-03-02,2022-04-28,Completed,100,45945096
PH-PRJ-009-03,PRJ-009,Piling,2022-04-28,2022-07-05,2022-04-28,2022-07-05,Completed,100,55134115
PH-PRJ-009-04,PRJ-009,Substructure,2022-07-05,2022-09-28,2022-07-05,2022-09-28,Completed,100,68917644
PH-PRJ-009-05,PRJ-009,Superstructure,2022-09-28,2023-02-17,2022-09-28,2023-02-17,Completed,100,114862741
PH-PRJ-009-06,PRJ-009,MEP Rough-In,2023-02-17,2023-04-15,2023-02-17,2023-04-15,Completed,100,45945096
PH-PRJ-009-07,PRJ-009,Facade,2023-04-15,2023-05-30,2023-04-15,2023-05-30,Completed,100,36756077
PH-PRJ-009-08,PRJ-009,Finishes,2023-05-30,2023-07-26,2023-05-30,2023-07-26,Completed,100,45945096
PH-PRJ-009-09,PRJ-009,Testing & Commissioning,2023-07-26,2023-08-12,2023-07-26,2023-08-12,Completed,100,13783528
PH-PRJ-009-10,PRJ-009,Handover,2023-08-12,2023-08-23,2023-08-12,2023-08-23,Completed,100,9189019
PH-PRJ-010-01,PRJ-010,Enabling Works,2022-07-05,2022-08-22,2022-07-05,2022-08-22,Completed,100,3912846
PH-PRJ-010-02,PRJ-010,Excavation & Shoring,2022-08-22,2022-11-26,2022-08-22,2022-11-26,Completed,100,7825692
PH-PRJ-010-03,PRJ-010,Piling,2022-11-26,2023-03-21,2022-11-26,2023-03-21,Completed,100,9390831
PH-PRJ-010-04,PRJ-010,Substructure,2023-03-21,2023-08-12,2023-03-21,2023-08-12,Completed,100,11738539
PH-PRJ-010-05,PRJ-010,Superstructure,2023-08-12,2024-04-08,2023-08-12,2024-04-08,Completed,100,19564232
PH-PRJ-010-06,PRJ-010,MEP Rough-In,2024-04-08,2024-07-13,2024-04-08,2024-07-13,Completed,100,7825692
PH-PRJ-010-07,PRJ-010,Facade,2024-07-13,2024-09-27,2024-07-13,2024-09-27,Completed,100,6260554
PH-PRJ-010-08,PRJ-010,Finishes,2024-09-27,2025-01-01,2024-09-27,2025-01-01,Completed,100,7825692
PH-PRJ-010-09,PRJ-010,Testing & Commissioning,2025-01-01,2025-01-29,2025-01-01,2025-01-29,Completed,100,2347707
PH-PRJ-010-10,PRJ-010,Handover,2025-01-29,2025-02-17,2025-01-29,2025-02-17,Completed,100,1565138
PH-PRJ-011-01,PRJ-011,Enabling Works,2024-03-30,2024-05-03,2024-03-30,2024-05-03,Completed,100,10407171
PH-PRJ-011-02,PRJ-011,Excavation & Shoring,2024-05-03,2024-07-11,2024-05-03,2024-07-11,Completed,100,20814342
PH-PRJ-011-03,PRJ-011,Piling,2024-07-11,2024-10-01,2024-07-11,2024-10-01,Completed,100,24977210
PH-PRJ-011-04,PRJ-011,Substructure,2024-10-01,2025-01-12,2024-10-01,2025-01-12,Completed,100,31221513
PH-PRJ-011-05,PRJ-011,Superstructure,2025-01-12,2025-07-03,2025-01-12,2025-07-03,Completed,100,52035855
PH-PRJ-011-06,PRJ-011,MEP Rough-In,2025-07-03,2025-09-10,2025-07-03,2025-09-10,Completed,100,20814342
PH-PRJ-011-07,PRJ-011,Facade,2025-09-10,2025-11-04,2025-09-10,2025-11-04,Completed,100,16651473
PH-PRJ-011-08,PRJ-011,Finishes,2025-11-04,2026-01-12,2025-11-04,2026-01-12,Completed,100,20814342
PH-PRJ-011-09,PRJ-011,Testing & Commissioning,2026-01-12,2026-02-01,2026-01-12,2026-02-01,Completed,100,6244302
PH-PRJ-011-10,PRJ-011,Handover,2026-02-01,2026-02-14,2026-02-01,,In Progress,88,4162868
PH-PRJ-012-01,PRJ-012,Enabling Works,2023-07-04,2023-08-12,2023-07-04,2023-08-12,Completed,100,17420387
PH-PRJ-012-02,PRJ-012,Excavation & Shoring,2023-08-12,2023-10-29,2023-08-12,2023-10-29,Completed,100,34840774
PH-PRJ-012-03,PRJ-012,Piling,2023-10-29,2024-01-30,2023-10-29,2024-01-30,Completed,100,41808929
PH-PRJ-012-04,PRJ-012,Substructure,2024-01-30,2024-05-26,2024-01-30,2024-05-26,Completed,100,52261161
PH-PRJ-012-05,PRJ-012,Superstructure,2024-05-26,2024-12-07,2024-05-26,2024-12-07,Completed,100,87101936
PH-PRJ-012-06,PRJ-012,MEP Rough-In,2024-12-07,2025-02-23,2024-12-07,2025-02-23,Completed,100,34840774
PH-PRJ-012-07,PRJ-012,Facade,2025-02-23,2025-04-26,2025-02-23,2025-04-26,Completed,100,27872619
PH-PRJ-012-08,PRJ-012,Finishes,2025-04-26,2025-07-13,2025-04-26,2025-07-13,Completed,100,34840774
PH-PRJ-012-09,PRJ-012,Testing & Commissioning,2025-07-13,2025-08-05,2025-07-13,2025-08-05,Completed,100,10452232
PH-PRJ-012-10,PRJ-012,Handover,2025-08-05,2025-08-20,2025-08-05,2025-08-20,Completed,100,6968154
PH-PRJ-013-01,PRJ-013,Enabling Works,2024-09-06,2024-10-25,2024-09-06,2024-10-25,Completed,100,12239131
PH-PRJ-013-02,PRJ-013,Excavation & Shoring,2024-10-25,2025-02-01,2024-10-25,2025-02-01,Completed,100,24478262
PH-PRJ-013-03,PRJ-013,Piling,2025-02-01,2025-05-30,2025-02-01,2025-05-30,Completed,100,29373914
PH-PRJ-013-04,PRJ-013,Substructure,2025-05-30,2025-10-25,2025-05-30,2025-10-25,Completed,100,36717393
PH-PRJ-013-05,PRJ-013,Superstructure,2025-10-25,2026-06-29,2025-10-25,,In Progress,44,61195655
PH-PRJ-013-06,PRJ-013,MEP Rough-In,2026-06-29,2026-10-06,,,Not Started,0,24478262
PH-PRJ-013-07,PRJ-013,Facade,2026-10-06,2026-12-24,,,Not Started,0,19582609
PH-PRJ-013-08,PRJ-013,Finishes,2026-12-24,2027-04-02,,,Not Started,0,24478262
PH-PRJ-013-09,PRJ-013,Testing & Commissioning,2027-04-02,2027-05-01,,,Not Started,0,7343478
PH-PRJ-013-10,PRJ-013,Handover,2027-05-01,2027-05-20,,,Not Started,0,4895652
PH-PRJ-014-01,PRJ-014,Enabling Works,2024-01-28,2024-03-28,2024-01-28,2024-03-28,Completed,100,19915165
PH-PRJ-014-02,PRJ-014,Excavation & Shoring,2024-03-28,2024-07-26,2024-03-28,2024-07-26,Completed,100,39830330
PH-PRJ-014-03,PRJ-014,Piling,2024-07-26,2024-12-17,2024-07-26,2024-12-17,Completed,100,47796396
PH-PRJ-014-04,PRJ-014,Substructure,2024-12-17,2025-06-15,2024-12-17,2025-06-15,Completed,100,59745495
PH-PRJ-014-05,PRJ-014,Superstructure,2025-06-15,2026-04-11,2025-06-15,,In Progress,31,99575826
PH-PRJ-014-06,PRJ-014,MEP Rough-In,2026-04-11,2026-08-09,,,Not Started,0,39830330
PH-PRJ-014-07,PRJ-014,Facade,2026-08-09,2026-11-13,,,Not Started,0,31864264
PH-PRJ-014-08,PRJ-014,Finishes,2026-11-13,2027-03-13,,,Not Started,0,39830330
PH-PRJ-014-09,PRJ-014,Testing & Commissioning,2027-03-13,2027-04-18,,,Not Started,0,11949099
PH-PRJ-014-10,PRJ-014,Handover,2027-04-18,2027-05-12,,,Not Started,0,7966066
PH-PRJ-015-01,PRJ-015,Enabling Works,2020-07-08,2020-08-01,2020-07-08,2020-08-01,Completed,100,21703215
PH-PRJ-015-02,PRJ-015,Excavation & Shoring,2020-08-01,2020-09-18,2020-08-01,2020-09-18,Completed,100,43406431
PH-PRJ-015-03,PRJ-015,Piling,2020-09-18,2020-11-14,2020-09-18,2020-11-14,Completed,100,52087717
PH-PRJ-015-04,PRJ-015,Substructure,2020-11-14,2021-01-25,2020-11-14,2021-01-25,Completed,100,65109647
PH-PRJ-015-05,PRJ-015,Superstructure,2021-01-25,2021-05-25,2021-01-25,2021-05-25,Completed,100,108516078
PH-PRJ-015-06,PRJ-015,MEP Rough-In,2021-05-25,2021-07-12,2021-05-25,2021-07-12,Completed,100,43406431
PH-PRJ-015-07,PRJ-015,Facade,2021-07-12,2021-08-19,2021-07-12,2021-08-19,Completed,100,34725145
PH-PRJ-015-08,PRJ-015,Finishes,2021-08-19,2021-10-06,2021-08-19,2021-10-06,Completed,100,43406431
PH-PRJ-015-09,PRJ-015,Testing & Commissioning,2021-10-06,2021-10-20,2021-10-06,2021-10-20,Completed,100,13021929
PH-PRJ-015-10,PRJ-015,Handover,2021-10-20,2021-10-29,2021-10-20,2021-10-29,Completed,100,8681286
PH-PRJ-016-01,PRJ-016,Enabling Works,2020-09-29,2020-12-08,2020-09-29,2020-12-08,Completed,100,24358837
PH-PRJ-016-02,PRJ-016,Excavation & Shoring,2020-12-08,2021-04-28,2020-12-08,2021-04-28,Completed,100,48717674
PH-PRJ-016-03,PRJ-016,Piling,2021-04-28,2021-10-14,2021-04-28,2021-10-14,Completed,100,58461208
PH-PRJ-016-04,PRJ-016,Substructure,2021-10-14,2022-05-13,2021-10-14,2022-05-13,Completed,100,73076511
PH-PRJ-016-05,PRJ-016,Superstructure,2022-05-13,2023-04-30,2022-05-13,2023-04-30,Completed,100,121794185
PH-PRJ-016-06,PRJ-016,MEP Rough-In,2023-04-30,2023-09-18,2023-04-30,2023-09-18,Completed,100,48717674
PH-PRJ-016-07,PRJ-016,Facade,2023-09-18,2024-01-08,2023-09-18,2024-01-08,Completed,100,38974139
PH-PRJ-016-08,PRJ-016,Finishes,2024-01-08,2024-05-28,2024-01-08,2024-05-28,Completed,100,48717674
PH-PRJ-016-09,PRJ-016,Testing & Commissioning,2024-05-28,2024-07-09,2024-05-28,2024-07-09,Completed,100,14615302
PH-PRJ-016-10,PRJ-016,Handover,2024-07-09,2024-08-06,2024-07-09,2024-08-06,Completed,100,9743534
PH-PRJ-017-01,PRJ-017,Enabling Works,2022-05-19,2022-06-10,2022-05-19,2022-06-10,Completed,100,2968118
PH-PRJ-017-02,PRJ-017,Excavation & Shoring,2022-06-10,2022-07-25,2022-06-10,2022-07-25,Completed,100,5936237
PH-PRJ-017-03,PRJ-017,Piling,2022-07-25,2022-09-17,2022-07-25,2022-09-17,Completed,100,7123484
PH-PRJ-017-04,PRJ-017,Substructure,2022-09-17,2022-11-23,2022-09-17,2022-11-23,Completed,100,8904355
PH-PRJ-017-05,PRJ-017,Superstructure,2022-11-23,2023-03-15,2022-11-23,2023-03-15,Completed,100,14840593
PH-PRJ-017-06,PRJ-017,MEP Rough-In,2023-03-15,2023-04-29,2023-03-15,2023-04-29,Completed,100,5936237
PH-PRJ-017-07,PRJ-017,Facade,2023-04-29,2023-06-04,2023-04-29,2023-06-04,Completed,100,4748989
PH-PRJ-017-08,PRJ-017,Finishes,2023-06-04,2023-07-19,2023-06-04,2023-07-19,Completed,100,5936237
PH-PRJ-017-09,PRJ-017,Testing & Commissioning,2023-07-19,2023-08-01,2023-07-19,2023-08-01,Completed,100,1780871
PH-PRJ-017-10,PRJ-017,Handover,2023-08-01,2023-08-10,2023-08-01,2023-08-10,Completed,100,1187247
PH-PRJ-018-01,PRJ-018,Enabling Works,2023-04-04,2023-05-20,2023-04-04,2023-05-20,Completed,100,6626638
PH-PRJ-018-02,PRJ-018,Excavation & Shoring,2023-05-20,2023-08-21,2023-05-20,2023-08-21,Completed,100,13253276
PH-PRJ-018-03,PRJ-018,Piling,2023-08-21,2023-12-10,2023-08-21,2023-12-10,Completed,100,15903931
PH-PRJ-018-04,PRJ-018,Substructure,2023-12-10,2024-04-27,2023-12-10,2024-04-27,Completed,100,19879914
PH-PRJ-018-05,PRJ-018,Superstructure,2024-04-27,2024-12-15,2024-04-27,2024-12-15,Completed,100,33133191
PH-PRJ-018-06,PRJ-018,MEP Rough-In,2024-12-15,2025-03-18,2024-12-15,2025-03-18,Completed,100,13253276
PH-PRJ-018-07,PRJ-018,Facade,2025-03-18,2025-05-31,2025-03-18,2025-05-31,Completed,100,10602621
PH-PRJ-018-08,PRJ-018,Finishes,2025-05-31,2025-09-01,2025-05-31,2025-09-01,Completed,100,13253276
PH-PRJ-018-09,PRJ-018,Testing & Commissioning,2025-09-01,2025-09-28,2025-09-01,2025-09-28,Completed,100,3975982
PH-PRJ-018-10,PRJ-018,Handover,2025-09-28,2025-10-16,2025-09-28,2025-10-16,Completed,100,2650655
PH-PRJ-019-01,PRJ-019,Enabling Works,2021-03-02,2021-04-16,2021-03-02,2021-04-16,Completed,100,22366324
PH-PRJ-019-02,PRJ-019,Excavation & Shoring,2021-04-16,2021-07-15,2021-04-16,2021-07-15,Completed,100,44732649
PH-PRJ-019-03,PRJ-019,Piling,2021-07-15,2021-10-31,2021-07-15,2021-10-31,Completed,100,53679179
PH-PRJ-019-04,PRJ-019,Substructure,2021-10-31,2022-03-15,2021-10-31,2022-03-15,Completed,100,67098974
PH-PRJ-019-05,PRJ-019,Superstructure,2022-03-15,2022-10-26,2022-03-15,2022-10-26,Completed,100,111831624
PH-PRJ-019-06,PRJ-019,MEP Rough-In,2022-10-26,2023-01-24,2022-10-26,2023-01-24,Completed,100,44732649
PH-PRJ-019-07,PRJ-019,Facade,2023-01-24,2023-04-06,2023-01-24,2023-04-06,Completed,100,35786119
PH-PRJ-019-08,PRJ-019,Finishes,2023-04-06,2023-07-05,2023-04-06,2023-07-05,Completed,100,44732649
PH-PRJ-019-09,PRJ-019,Testing & Commissioning,2023-07-05,2023-08-01,2023-07-05,2023-08-01,Completed,100,13419794
PH-PRJ-019-10,PRJ-019,Handover,2023-08-01,2023-08-19,2023-08-01,2023-08-19,Completed,100,8946529
PH-PRJ-020-01,PRJ-020,Enabling Works,2023-07-26,2023-08-23,2023-07-26,2023-08-23,Completed,100,8527298
PH-PRJ-020-02,PRJ-020,Excavation & Shoring,2023-08-23,2023-10-19,2023-08-23,2023-10-19,Completed,100,17054596
PH-PRJ-020-03,PRJ-020,Piling,2023-10-19,2023-12-26,2023-10-19,2023-12-26,Completed,100,20465516
PH-PRJ-020-04,PRJ-020,Substructure,2023-12-26,2024-03-20,2023-12-26,2024-03-20,Completed,100,25581895
PH-PRJ-020-05,PRJ-020,Superstructure,2024-03-20,2024-08-09,2024-03-20,2024-08-09,Completed,100,42636492
PH-PRJ-020-06,PRJ-020,MEP Rough-In,2024-08-09,2024-10-05,2024-08-09,2024-10-05,Completed,100,17054596
PH-PRJ-020-07,PRJ-020,Facade,2024-10-05,2024-11-19,2024-10-05,2024-11-19,Completed,100,13643677
PH-PRJ-020-08,PRJ-020,Finishes,2024-11-19,2025-01-15,2024-11-19,2025-01-15,Completed,100,17054596
PH-PRJ-020-09,PRJ-020,Testing & Commissioning,2025-01-15,2025-02-01,2025-01-15,2025-02-01,Completed,100,5116379
PH-PRJ-020-10,PRJ-020,Handover,2025-02-01,2025-02-12,2025-02-01,2025-02-12,Completed,100,3410919
PH-PRJ-021-01,PRJ-021,Enabling Works,2021-09-11,2021-10-15,2021-09-11,2021-10-15,Completed,100,12216188
PH-PRJ-021-02,PRJ-021,Excavation & Shoring,2021-10-15,2021-12-23,2021-10-15,2021-12-23,Completed,100,24432377
PH-PRJ-021-03,PRJ-021,Piling,2021-12-23,2022-03-15,2021-12-23,2022-03-15,Completed,100,29318853
PH-PRJ-021-04,PRJ-021,Substructure,2022-03-15,2022-06-26,2022-03-15,2022-06-26,Completed,100,36648566
PH-PRJ-021-05,PRJ-021,Superstructure,2022-06-26,2022-12-15,2022-06-26,2022-12-15,Completed,100,61080944
PH-PRJ-021-06,PRJ-021,MEP Rough-In,2022-12-15,2023-02-22,2022-12-15,2023-02-22,Completed,100,24432377
PH-PRJ-021-07,PRJ-021,Facade,2023-02-22,2023-04-18,2023-02-22,2023-04-18,Completed,100,19545902
PH-PRJ-021-08,PRJ-021,Finishes,2023-04-18,2023-06-26,2023-04-18,2023-06-26,Completed,100,24432377
PH-PRJ-021-09,PRJ-021,Testing & Commissioning,2023-06-26,2023-07-16,2023-06-26,2023-07-16,Completed,100,7329713
PH-PRJ-021-10,PRJ-021,Handover,2023-07-16,2023-07-29,2023-07-16,2023-07-29,Completed,100,4886475
PH-PRJ-022-01,PRJ-022,Enabling Works,2024-06-21,2024-07-16,2024-06-21,2024-07-16,Completed,100,18185278
PH-PRJ-022-02,PRJ-022,Excavation & Shoring,2024-07-16,2024-09-05,2024-07-16,2024-09-05,Completed,100,36370556
PH-PRJ-022-03,PRJ-022,Piling,2024-09-05,2024-11-05,2024-09-05,2024-11-05,Completed,100,43644667
PH-PRJ-022-04,PRJ-022,Substructure,2024-11-05,2025-01-20,2024-11-05,2025-01-20,Completed,100,54555834
PH-PRJ-022-05,PRJ-022,Superstructure,2025-01-20,2025-05-27,2025-01-20,2025-05-27,Completed,100,90926390
PH-PRJ-022-06,PRJ-022,MEP Rough-In,2025-05-27,2025-07-17,2025-05-27,2025-07-17,Completed,100,36370556
PH-PRJ-022-07,PRJ-022,Facade,2025-07-17,2025-08-26,2025-07-17,2025-08-26,Completed,100,29096444
PH-PRJ-022-08,PRJ-022,Finishes,2025-08-26,2025-10-16,2025-08-26,2025-10-16,Completed,100,36370556
PH-PRJ-022-09,PRJ-022,Testing & Commissioning,2025-10-16,2025-10-31,2025-10-16,2025-10-31,Completed,100,10911166
PH-PRJ-022-10,PRJ-022,Handover,2025-10-31,2025-11-10,2025-10-31,2025-11-10,Completed,100,7274111
PH-PRJ-023-01,PRJ-023,Enabling Works,2022-02-13,2022-04-26,2022-02-13,2022-04-26,Completed,100,23916715
PH-PRJ-023-02,PRJ-023,Excavation & Shoring,2022-04-26,2022-09-17,2022-04-26,2022-09-17,Completed,100,47833431
PH-PRJ-023-03,PRJ-023,Piling,2022-09-17,2023-03-08,2022-09-17,2023-03-08,Completed,100,57400118
PH-PRJ-023-04,PRJ-023,Substructure,2023-03-08,2023-10-10,2023-03-08,2023-10-10,Completed,100,71750147
PH-PRJ-023-05,PRJ-023,Superstructure,2023-10-10,2024-10-04,2023-10-10,2024-10-04,Completed,100,119583579
PH-PRJ-023-06,PRJ-023,MEP Rough-In,2024-10-04,2025-02-25,2024-10-04,2025-02-25,Completed,100,47833431
PH-PRJ-023-07,PRJ-023,Facade,2025-02-25,2025-06-20,2025-02-25,2025-06-20,Completed,100,38266745
PH-PRJ-023-08,PRJ-023,Finishes,2025-06-20,2025-11-11,2025-06-20,2025-11-11,Completed,100,47833431
PH-PRJ-023-09,PRJ-023,Testing & Commissioning,2025-11-11,2025-12-24,2025-11-11,2025-12-24,Completed,100,14350029
PH-PRJ-023-10,PRJ-023,Handover,2025-12-24,2026-01-21,2025-12-24,2026-01-21,Completed,100,9566686
PH-PRJ-024-01,PRJ-024,Enabling Works,2025-05-13,2025-06-10,2025-05-13,2025-06-10,Completed,100,20575630
PH-PRJ-024-02,PRJ-024,Excavation & Shoring,2025-06-10,2025-08-06,2025-06-10,2025-08-06,Completed,100,41151261
PH-PRJ-024-03,PRJ-024,Piling,2025-08-06,2025-10-13,2025-08-06,2025-10-13,Completed,100,49381514
PH-PRJ-024-04,PRJ-024,Substructure,2025-10-13,2026-01-06,2025-10-13,2026-01-06,Completed,100,61726892
PH-PRJ-024-05,PRJ-024,Superstructure,2026-01-06,2026-05-28,2026-01-06,,In Progress,58,102878154
PH-PRJ-024-06,PRJ-024,MEP Rough-In,2026-05-28,2026-07-24,,,Not Started,0,41151261
PH-PRJ-024-07,PRJ-024,Facade,2026-07-24,2026-09-07,,,Not Started,0,32921009
PH-PRJ-024-08,PRJ-024,Finishes,2026-09-07,2026-11-03,,,Not Started,0,41151261
PH-PRJ-024-09,PRJ-024,Testing & Commissioning,2026-11-03,2026-11-20,,,Not Started,0,12345378
PH-PRJ-024-10,PRJ-024,Handover,2026-11-20,2026-12-01,,,Not Started,0,8230252
PH-PRJ-025-01,PRJ-025,Enabling Works,2024-08-16,2024-09-27,2024-08-16,2024-09-27,Completed,100,8833209
PH-PRJ-025-02,PRJ-025,Excavation & Shoring,2024-09-27,2024-12-20,2024-09-27,2024-12-20,Completed,100,17666419
PH-PRJ-025-03,PRJ-025,Piling,2024-12-20,2025-03-30,2024-12-20,2025-03-30,Completed,100,21199703
PH-PRJ-025-04,PRJ-025,Substructure,2025-03-30,2025-08-03,2025-03-30,2025-08-03,Completed,100,26499629
PH-PRJ-025-05,PRJ-025,Superstructure,2025-08-03,2026-03-01,2025-08-03,,In Progress,79,44166049
PH-PRJ-025-06,PRJ-025,MEP Rough-In,2026-03-01,2026-05-24,,,Not Started,0,17666419
PH-PRJ-025-07,PRJ-025,Facade,2026-05-24,2026-07-30,,,Not Started,0,14133135
PH-PRJ-025-08,PRJ-025,Finishes,2026-07-30,2026-10-22,,,Not Started,0,17666419
PH-PRJ-025-09,PRJ-025,Testing & Commissioning,2026-10-22,2026-11-16,,,Not Started,0,5299925
PH-PRJ-025-10,PRJ-025,Handover,2026-11-16,2026-12-02,,,Not Started,0,3533283
PH-PRJ-026-01,PRJ-026,Enabling Works,2020-03-01,2020-04-27,2020-03-01,2020-04-27,Completed,100,3270404
PH-PRJ-026-02,PRJ-026,Excavation & Shoring,2020-04-27,2020-08-19,2020-04-27,2020-08-19,Completed,100,6540809
PH-PRJ-026-03,PRJ-026,Piling,2020-08-19,2021-01-02,2020-08-19,2021-01-02,Completed,100,7848971
PH-PRJ-026-04,PRJ-026,Substructure,2021-01-02,2021-06-22,2021-01-02,2021-06-22,Completed,100,9811213
PH-PRJ-026-05,PRJ-026,Superstructure,2021-06-22,2022-04-03,2021-06-22,2022-04-03,Completed,100,16352023
PH-PRJ-026-06,PRJ-026,MEP Rough-In,2022-04-03,2022-07-26,2022-04-03,2022-07-26,Completed,100,6540809
PH-PRJ-026-07,PRJ-026,Facade,2022-07-26,2022-10-25,2022-07-26,2022-10-25,Completed,100,5232647
PH-PRJ-026-08,PRJ-026,Finishes,2022-10-25,2023-02-16,2022-10-25,2023-02-16,Completed,100,6540809
PH-PRJ-026-09,PRJ-026,Testing & Commissioning,2023-02-16,2023-03-22,2023-02-16,2023-03-22,Completed,100,1962242
PH-PRJ-026-10,PRJ-026,Handover,2023-03-22,2023-04-13,2023-03-22,2023-04-13,Completed,100,1308161
PH-PRJ-027-01,PRJ-027,Enabling Works,2023-04-03,2023-06-11,2023-04-03,2023-06-11,Completed,100,23875965
PH-PRJ-027-02,PRJ-027,Excavation & Shoring,2023-06-11,2023-10-27,2023-06-11,2023-10-27,Completed,100,47751930
PH-PRJ-027-03,PRJ-027,Piling,2023-10-27,2024-04-09,2023-10-27,2024-04-09,Completed,100,57302316
PH-PRJ-027-04,PRJ-027,Substructure,2024-04-09,2024-11-02,2024-04-09,2024-11-02,Completed,100,71627895
PH-PRJ-027-05,PRJ-027,Superstructure,2024-11-02,2025-10-13,2024-11-02,2025-10-13,Completed,100,119379825
PH-PRJ-027-06,PRJ-027,MEP Rough-In,2025-10-13,2026-02-28,2025-10-13,,In Progress,38,47751930
PH-PRJ-027-07,PRJ-027,Facade,2026-02-28,2026-06-18,,,Not Started,0,38201544
PH-PRJ-027-08,PRJ-027,Finishes,2026-06-18,2026-11-03,,,Not Started,0,47751930
PH-PRJ-027-09,PRJ-027,Testing & Commissioning,2026-11-03,2026-12-14,,,Not Started,0,14325579
PH-PRJ-027-10,PRJ-027,Handover,2026-12-14,2027-01-10,,,Not Started,0,9550386
PH-PRJ-028-01,PRJ-028,Enabling Works,2023-01-20,2023-03-16,2023-01-20,2023-03-16,Completed,100,1291060
PH-PRJ-028-02,PRJ-028,Excavation & Shoring,2023-03-16,2023-07-05,2023-03-16,2023-07-05,Completed,100,2582121
PH-PRJ-028-03,PRJ-028,Piling,2023-07-05,2023-11-15,2023-07-05,2023-11-15,Completed,100,3098545
PH-PRJ-028-04,PRJ-028,Substructure,2023-11-15,2024-04-29,2023-11-15,2024-04-29,Completed,100,3873182
PH-PRJ-028-05,PRJ-028,Superstructure,2024-04-29,2025-01-31,2024-04-29,2025-01-31,Completed,100,6455303
PH-PRJ-028-06,PRJ-028,MEP Rough-In,2025-01-31,2025-05-22,2025-01-31,2025-05-22,Completed,100,2582121
PH-PRJ-028-07,PRJ-028,Facade,2025-05-22,2025-08-18,2025-05-22,2025-08-18,Completed,100,2065697
PH-PRJ-028-08,PRJ-028,Finishes,2025-08-18,2025-12-07,2025-08-18,2025-12-07,Completed,100,2582121
PH-PRJ-028-09,PRJ-028,Testing & Commissioning,2025-12-07,2026-01-09,2025-12-07,2026-01-09,Completed,100,774636
PH-PRJ-028-10,PRJ-028,Handover,2026-01-09,2026-01-31,2026-01-09,2026-01-31,Completed,100,516424
PH-PRJ-029-01,PRJ-029,Enabling Works,2024-01-30,2024-03-16,2024-01-30,2024-03-16,Completed,100,7775498
PH-PRJ-029-02,PRJ-029,Excavation & Shoring,2024-03-16,2024-06-17,2024-03-16,2024-06-17,Completed,100,15550996
PH-PRJ-029-03,PRJ-029,Piling,2024-06-17,2024-10-06,2024-06-17,2024-10-06,Completed,100,18661195
PH-PRJ-029-04,PRJ-029,Substructure,2024-10-06,2025-02-22,2024-10-06,2025-02-22,Completed,100,23326494
PH-PRJ-029-05,PRJ-029,Superstructure,2025-02-22,2025-10-12,2025-02-22,2025-10-12,Completed,100,38877490
PH-PRJ-029-06,PRJ-029,MEP Rough-In,2025-10-12,2026-01-13,2025-10-12,2026-01-13,Completed,100,15550996
PH-PRJ-029-07,PRJ-029,Facade,2026-01-13,2026-03-28,2026-01-13,,In Progress,80,12440796
PH-PRJ-029-08,PRJ-029,Finishes,2026-03-28,2026-06-29,,,Not Started,0,15550996
PH-PRJ-029-09,PRJ-029,Testing & Commissioning,2026-06-29,2026-07-26,,,Not Started,0,4665298
PH-PRJ-029-10,PRJ-029,Handover,2026-07-26,2026-08-13,,,Not Started,0,3110199
PH-PRJ-030-01,PRJ-030,Enabling Works,2024-08-18,2024-09-23,2024-08-18,2024-09-23,Completed,100,12107239
PH-PRJ-030-02,PRJ-030,Excavation & Shoring,2024-09-23,2024-12-04,2024-09-23,2024-12-04,Completed,100,24214479
PH-PRJ-030-03,PRJ-030,Piling,2024-12-04,2025-02-28,2024-12-04,2025-02-28,Completed,100,29057375
PH-PRJ-030-04,PRJ-030,Substructure,2025-02-28,2025-06-16,2025-02-28,2025-06-16,Completed,100,36321719
PH-PRJ-030-05,PRJ-030,Superstructure,2025-06-16,2025-12-13,2025-06-16,2025-12-13,Completed,100,60536198
PH-PRJ-030-06,PRJ-030,MEP Rough-In,2025-12-13,2026-02-23,2025-12-13,,In Progress,74,24214479
PH-PRJ-030-07,PRJ-030,Facade,2026-02-23,2026-04-21,,,Not Started,0,19371583
PH-PRJ-030-08,PRJ-030,Finishes,2026-04-21,2026-07-02,,,Not Started,0,24214479
PH-PRJ-030-09,PRJ-030,Testing & Commissioning,2026-07-02,2026-07-23,,,Not Started,0,7264343
PH-PRJ-030-10,PRJ-030,Handover,2026-07-23,2026-08-06,,,Not Started,0,4842895
PH-PRJ-031-01,PRJ-031,Enabling Works,2024-02-14,2024-04-09,2024-02-14,2024-04-09,Completed,100,3891322
PH-PRJ-031-02,PRJ-031,Excavation & Shoring,2024-04-09,2024-07-29,2024-04-09,2024-07-29,Completed,100,7782644
PH-PRJ-031-03,PRJ-031,Piling,2024-07-29,2024-12-09,2024-07-29,2024-12-09,Completed,100,9339172
PH-PRJ-031-04,PRJ-031,Substructure,2024-12-09,2025-05-24,2024-12-09,2025-05-24,Completed,100,11673966
PH-PRJ-031-05,PRJ-031,Superstructure,2025-05-24,2026-02-25,2025-05-24,,In Progress,22,19456610
PH-PRJ-031-06,PRJ-031,MEP Rough-In,2026-02-25,2026-06-16,,,Not Started,0,7782644
PH-PRJ-031-07,PRJ-031,Facade,2026-06-16,2026-09-12,,,Not Started,0,6226115
PH-PRJ-031-08,PRJ-031,Finishes,2026-09-12,2027-01-01,,,Not Started,0,7782644
PH-PRJ-031-09,PRJ-031,Testing & Commissioning,2027-01-01,2027-02-03,,,Not Started,0,2334793
PH-PRJ-031-10,PRJ-031,Handover,2027-02-03,2027-02-25,,,Not Started,0,1556528
PH-PRJ-032-01,PRJ-032,Enabling Works,2022-12-04,2023-01-16,2022-12-04,2023-01-16,Completed,100,10137871
PH-PRJ-032-02,PRJ-032,Excavation & Shoring,2023-01-16,2023-04-13,2023-01-16,2023-04-13,Completed,100,20275743
PH-PRJ-032-03,PRJ-032,Piling,2023-04-13,2023-07-26,2023-04-13,2023-07-26,Completed,100,24330892
PH-PRJ-032-04,PRJ-032,Substructure,2023-07-26,2023-12-03,2023-07-26,2023-12-03,Completed,100,30413615
PH-PRJ-032-05,PRJ-032,Superstructure,2023-12-03,2024-07-07,2023-12-03,2024-07-07,Completed,100,50689358
PH-PRJ-032-06,PRJ-032,MEP Rough-In,2024-07-07,2024-10-02,2024-07-07,2024-10-02,Completed,100,20275743
PH-PRJ-032-07,PRJ-032,Facade,2024-10-02,2024-12-10,2024-10-02,2024-12-10,Completed,100,16220594
PH-PRJ-032-08,PRJ-032,Finishes,2024-12-10,2025-03-07,2024-12-10,2025-03-07,Completed,100,20275743
PH-PRJ-032-09,PRJ-032,Testing & Commissioning,2025-03-07,2025-04-02,2025-03-07,2025-04-02,Completed,100,6082723
PH-PRJ-032-10,PRJ-032,Handover,2025-04-02,2025-04-19,2025-04-02,2025-04-19,Completed,100,4055148
PH-PRJ-033-01,PRJ-033,Enabling Works,2024-10-23,2024-12-25,2024-10-23,2024-12-25,Completed,100,16003946
PH-PRJ-033-02,PRJ-033,Excavation & Shoring,2024-12-25,2025-04-30,2024-12-25,2025-04-30,Completed,100,32007893
PH-PRJ-033-03,PRJ-033,Piling,2025-04-30,2025-09-28,2025-04-30,2025-09-28,Completed,100,38409472
PH-PRJ-033-04,PRJ-033,Substructure,2025-09-28,2026-04-05,2025-09-28,,In Progress,34,48011840
PH-PRJ-033-05,PRJ-033,Superstructure,2026-04-05,2027-02-14,,,Not Started,0,80019733
PH-PRJ-033-06,PRJ-033,MEP Rough-In,2027-02-14,2027-06-20,,,Not Started,0,32007893
PH-PRJ-033-07,PRJ-033,Facade,2027-06-20,2027-09-28,,,Not Started,0,25606314
PH-PRJ-033-08,PRJ-033,Finishes,2027-09-28,2028-02-01,,,Not Started,0,32007893
PH-PRJ-033-09,PRJ-033,Testing & Commissioning,2028-02-01,2028-03-09,,,Not Started,0,9602368
PH-PRJ-033-10,PRJ-033,Handover,2028-03-09,2028-04-03,,,Not Started,0,6401578
PH-PRJ-034-01,PRJ-034,Enabling Works,2024-04-09,2024-05-18,2024-04-09,2024-05-18,Completed,100,18441743
PH-PRJ-034-02,PRJ-034,Excavation & Shoring,2024-05-18,2024-08-04,2024-05-18,2024-08-04,Completed,100,36883486
PH-PRJ-034-03,PRJ-034,Piling,2024-08-04,2024-11-05,2024-08-04,2024-11-05,Completed,100,44260183
PH-PRJ-034-04,PRJ-034,Substructure,2024-11-05,2025-03-02,2024-11-05,2025-03-02,Completed,100,55325229
PH-PRJ-034-05,PRJ-034,Superstructure,2025-03-02,2025-09-13,2025-03-02,2025-09-13,Completed,100,92208716
PH-PRJ-034-06,PRJ-034,MEP Rough-In,2025-09-13,2025-11-30,2025-09-13,2025-11-30,Completed,100,36883486
PH-PRJ-034-07,PRJ-034,Facade,2025-11-30,2026-01-31,2025-11-30,2026-01-31,Completed,100,29506789
PH-PRJ-034-08,PRJ-034,Finishes,2026-01-31,2026-04-19,2026-01-31,,In Progress,41,36883486
PH-PRJ-034-09,PRJ-034,Testing & Commissioning,2026-04-19,2026-05-12,,,Not Started,0,11065045
PH-PRJ-034-10,PRJ-034,Handover,2026-05-12,2026-05-27,,,Not Started,0,7376697
PH-PRJ-035-01,PRJ-035,Enabling Works,2022-09-26,2022-10-14,2022-09-26,2022-10-14,Completed,100,6256781
PH-PRJ-035-02,PRJ-035,Excavation & Shoring,2022-10-14,2022-11-19,2022-10-14,2022-11-19,Completed,100,12513562
PH-PRJ-035-03,PRJ-035,Piling,2022-11-19,2023-01-01,2022-11-19,2023-01-01,Completed,100,15016274
PH-PRJ-035-04,PRJ-035,Substructure,2023-01-01,2023-02-24,2023-01-01,2023-02-24,Completed,100,18770343
PH-PRJ-035-05,PRJ-035,Superstructure,2023-02-24,2023-05-25,2023-02-24,2023-05-25,Completed,100,31283905
PH-PRJ-035-06,PRJ-035,MEP Rough-In,2023-05-25,2023-06-30,2023-05-25,2023-06-30,Completed,100,12513562
PH-PRJ-035-07,PRJ-035,Facade,2023-06-30,2023-07-28,2023-06-30,2023-07-28,Completed,100,10010849
PH-PRJ-035-08,PRJ-035,Finishes,2023-07-28,2023-09-02,2023-07-28,2023-09-02,Completed,100,12513562
PH-PRJ-035-09,PRJ-035,Testing & Commissioning,2023-09-02,2023-09-12,2023-09-02,2023-09-12,Completed,100,3754068
PH-PRJ-035-10,PRJ-035,Handover,2023-09-12,2023-09-19,2023-09-12,2023-09-19,Completed,100,2502712
PH-PRJ-036-01,PRJ-036,Enabling Works,2023-04-21,2023-06-06,2023-04-21,2023-06-06,Completed,100,18428345
PH-PRJ-036-02,PRJ-036,Excavation & Shoring,2023-06-06,2023-09-07,2023-06-06,2023-09-07,Completed,100,36856691
PH-PRJ-036-03,PRJ-036,Piling,2023-09-07,2023-12-27,2023-09-07,2023-12-27,Completed,100,44228029
PH-PRJ-036-04,PRJ-036,Substructure,2023-12-27,2024-05-14,2023-12-27,2024-05-14,Completed,100,55285037
PH-PRJ-036-05,PRJ-036,Superstructure,2024-05-14,2025-01-01,2024-05-14,2025-01-01,Completed,100,92141729
PH-PRJ-036-06,PRJ-036,MEP Rough-In,2025-01-01,2025-04-04,2025-01-01,2025-04-04,Completed,100,36856691
PH-PRJ-036-07,PRJ-036,Facade,2025-04-04,2025-06-17,2025-04-04,2025-06-17,Completed,100,29485353
PH-PRJ-036-08,PRJ-036,Finishes,2025-06-17,2025-09-18,2025-06-17,2025-09-18,Completed,100,36856691
PH-PRJ-036-09,PRJ-036,Testing & Commissioning,2025-09-18,2025-10-15,2025-09-18,2025-10-15,Completed,100,11057007
PH-PRJ-036-10,PRJ-036,Handover,2025-10-15,2025-11-02,2025-10-15,2025-11-02,Completed,100,7371338
PH-PRJ-037-01,PRJ-037,Enabling Works,2022-04-20,2022-06-05,2022-04-20,2022-06-05,Completed,100,18622075
PH-PRJ-037-02,PRJ-037,Excavation & Shoring,2022-06-05,2022-09-06,2022-06-05,2022-09-06,Completed,100,37244150
PH-PRJ-037-03,PRJ-037,Piling,2022-09-06,2022-12-26,2022-09-06,2022-12-26,Completed,100,44692980
PH-PRJ-037-04,PRJ-037,Substructure,2022-12-26,2023-05-14,2022-12-26,2023-05-14,Completed,100,55866225
PH-PRJ-037-05,PRJ-037,Superstructure,2023-05-14,2024-01-01,2023-05-14,2024-01-01,Completed,100,93110376
PH-PRJ-037-06,PRJ-037,MEP Rough-In,2024-01-01,2024-04-03,2024-01-01,2024-04-03,Completed,100,37244150
PH-PRJ-037-07,PRJ-037,Facade,2024-04-03,2024-06-16,2024-04-03,2024-06-16,Completed,100,29795320
PH-PRJ-037-08,PRJ-037,Finishes,2024-06-16,2024-09-17,2024-06-16,2024-09-17,Completed,100,37244150
PH-PRJ-037-09,PRJ-037,Testing & Commissioning,2024-09-17,2024-10-14,2024-09-17,2024-10-14,Completed,100,11173245
PH-PRJ-037-10,PRJ-037,Handover,2024-10-14,2024-11-01,2024-10-14,2024-11-01,Completed,100,7448830
PH-PRJ-038-01,PRJ-038,Enabling Works,2021-07-12,2021-09-17,2021-07-12,2021-09-17,Completed,100,20798046
PH-PRJ-038-02,PRJ-038,Excavation & Shoring,2021-09-17,2022-01-30,2021-09-17,2022-01-30,Completed,100,41596093
PH-PRJ-038-03,PRJ-038,Piling,2022-01-30,2022-07-11,2022-01-30,2022-07-11,Completed,100,49915312
PH-PRJ-038-04,PRJ-038,Substructure,2022-07-11,2023-01-29,2022-07-11,2023-01-29,Completed,100,62394140
PH-PRJ-038-05,PRJ-038,Superstructure,2023-01-29,2024-01-01,2023-01-29,2024-01-01,Completed,100,103990233
PH-PRJ-038-06,PRJ-038,MEP Rough-In,2024-01-01,2024-05-15,2024-01-01,2024-05-15,Completed,100,41596093
PH-PRJ-038-07,PRJ-038,Facade,2024-05-15,2024-08-31,2024-05-15,2024-08-31,Completed,100,33276874
PH-PRJ-038-08,PRJ-038,Finishes,2024-08-31,2025-01-13,2024-08-31,2025-01-13,Completed,100,41596093
PH-PRJ-038-09,PRJ-038,Testing & Commissioning,2025-01-13,2025-02-22,2025-01-13,2025-02-22,Completed,100,12478828
PH-PRJ-038-10,PRJ-038,Handover,2025-02-22,2025-03-21,2025-02-22,2025-03-21,Completed,100,8319218
PH-PRJ-039-01,PRJ-039,Enabling Works,2020-03-21,2020-05-05,2020-03-21,2020-05-05,Completed,100,7213920
PH-PRJ-039-02,PRJ-039,Excavation & Shoring,2020-05-05,2020-08-03,2020-05-05,2020-08-03,Completed,100,14427841
PH-PRJ-039-03,PRJ-039,Piling,2020-08-03,2020-11-19,2020-08-03,2020-11-19,Completed,100,17313410
PH-PRJ-039-04,PRJ-039,Substructure,2020-11-19,2021-04-03,2020-11-19,2021-04-03,Completed,100,21641762
PH-PRJ-039-05,PRJ-039,Superstructure,2021-04-03,2021-11-14,2021-04-03,2021-11-14,Completed,100,36069604
PH-PRJ-039-06,PRJ-039,MEP Rough-In,2021-11-14,2022-02-12,2021-11-14,2022-02-12,Completed,100,14427841
PH-PRJ-039-07,PRJ-039,Facade,2022-02-12,2022-04-25,2022-02-12,2022-04-25,Completed,100,11542273
PH-PRJ-039-08,PRJ-039,Finishes,2022-04-25,2022-07-24,2022-04-25,2022-07-24,Completed,100,14427841
PH-PRJ-039-09,PRJ-039,Testing & Commissioning,2022-07-24,2022-08-20,2022-07-24,2022-08-20,Completed,100,4328352
PH-PRJ-039-10,PRJ-039,Handover,2022-08-20,2022-09-07,2022-08-20,2022-09-07,Completed,100,2885568
PH-PRJ-040-01,PRJ-040,Enabling Works,2022-09-17,2022-11-19,2022-09-17,2022-11-19,Completed,100,24584385
PH-PRJ-040-02,PRJ-040,Excavation & Shoring,2022-11-19,2023-03-25,2022-11-19,2023-03-25,Completed,100,49168771
PH-PRJ-040-03,PRJ-040,Piling,2023-03-25,2023-08-23,2023-03-25,2023-08-23,Completed,100,59002525
PH-PRJ-040-04,PRJ-040,Substructure,2023-08-23,2024-02-28,2023-08-23,2024-02-28,Completed,100,73753156
PH-PRJ-040-05,PRJ-040,Superstructure,2024-02-28,2025-01-08,2024-02-28,2025-01-08,Completed,100,122921927
PH-PRJ-040-06,PRJ-040,MEP Rough-In,2025-01-08,2025-05-14,2025-01-08,2025-05-14,Completed,100,49168771
PH-PRJ-040-07,PRJ-040,Facade,2025-05-14,2025-08-22,2025-05-14,2025-08-22,Completed,100,39335016
PH-PRJ-040-08,PRJ-040,Finishes,2025-08-22,2025-12-26,2025-08-22,2025-12-26,Completed,100,49168771
PH-PRJ-040-09,PRJ-040,Testing & Commissioning,2025-12-26,2026-02-01,2025-12-26,2026-02-01,Completed,100,14750631
PH-PRJ-040-10,PRJ-040,Handover,2026-02-01,2026-02-26,2026-02-01,,In Progress,39,9833754
PH-PRJ-041-01,PRJ-041,Enabling Works,2025-01-29,2025-03-04,2025-01-29,2025-03-04,Completed,100,18495889
PH-PRJ-041-02,PRJ-041,Excavation & Shoring,2025-03-04,2025-05-12,2025-03-04,2025-05-12,Completed,100,36991779
PH-PRJ-041-03,PRJ-041,Piling,2025-05-12,2025-08-02,2025-05-12,2025-08-02,Completed,100,44390135
PH-PRJ-041-04,PRJ-041,Substructure,2025-08-02,2025-11-13,2025-08-02,2025-11-13,Completed,100,55487669
PH-PRJ-041-05,PRJ-041,Superstructure,2025-11-13,2026-05-04,2025-11-13,,In Progress,76,92479449
PH-PRJ-041-06,PRJ-041,MEP Rough-In,2026-05-04,2026-07-12,,,Not Started,0,36991779
PH-PRJ-041-07,PRJ-041,Facade,2026-07-12,2026-09-05,,,Not Started,0,29593423
PH-PRJ-041-08,PRJ-041,Finishes,2026-09-05,2026-11-13,,,Not Started,0,36991779
PH-PRJ-041-09,PRJ-041,Testing & Commissioning,2026-11-13,2026-12-03,,,Not Started,0,11097533
PH-PRJ-041-10,PRJ-041,Handover,2026-12-03,2026-12-16,,,Not Started,0,7398355
PH-PRJ-042-01,PRJ-042,Enabling Works,2021-11-11,2022-01-11,2021-11-11,2022-01-11,Completed,100,23099598
PH-PRJ-042-02,PRJ-042,Excavation & Shoring,2022-01-11,2022-05-14,2022-01-11,2022-05-14,Completed,100,46199197
PH-PRJ-042-03,PRJ-042,Piling,2022-05-14,2022-10-08,2022-05-14,2022-10-08,Completed,100,55439037
PH-PRJ-042-04,PRJ-042,Substructure,2022-10-08,2023-04-10,2022-10-08,2023-04-10,Completed,100,69298796
PH-PRJ-042-05,PRJ-042,Superstructure,2023-04-10,2024-02-11,2023-04-10,2024-02-11,Completed,100,115497994
PH-PRJ-042-06,PRJ-042,MEP Rough-In,2024-02-11,2024-06-13,2024-02-11,2024-06-13,Completed,100,46199197
PH-PRJ-042-07,PRJ-042,Facade,2024-06-13,2024-09-19,2024-06-13,2024-09-19,Completed,100,36959358
PH-PRJ-042-08,PRJ-042,Finishes,2024-09-19,2025-01-20,2024-09-19,2025-01-20,Completed,100,46199197
PH-PRJ-042-09,PRJ-042,Testing & Commissioning,2025-01-20,2025-02-25,2025-01-20,2025-02-25,Completed,100,13859759
PH-PRJ-042-10,PRJ-042,Handover,2025-02-25,2025-03-21,2025-02-25,2025-03-21,Completed,100,9239839
PH-PRJ-043-01,PRJ-043,Enabling Works,2020-04-01,2020-06-07,2020-04-01,2020-06-07,Completed,100,8258926
PH-PRJ-043-02,PRJ-043,Excavation & Shoring,2020-06-07,2020-10-20,2020-06-07,2020-10-20,Completed,100,16517852
PH-PRJ-043-03,PRJ-043,Piling,2020-10-20,2021-03-31,2020-10-20,2021-03-31,Completed,100,19821423
PH-PRJ-043-04,PRJ-043,Substructure,2021-03-31,2021-10-19,2021-03-31,2021-10-19,Completed,100,24776778
PH-PRJ-043-05,PRJ-043,Superstructure,2021-10-19,2022-09-21,2021-10-19,2022-09-21,Completed,100,41294631
PH-PRJ-043-06,PRJ-043,MEP Rough-In,2022-09-21,2023-02-03,2022-09-21,2023-02-03,Completed,100,16517852
PH-PRJ-043-07,PRJ-043,Facade,2023-02-03,2023-05-22,2023-02-03,2023-05-22,Completed,100,13214282
PH-PRJ-043-08,PRJ-043,Finishes,2023-05-22,2023-10-04,2023-05-22,2023-10-04,Completed,100,16517852
PH-PRJ-043-09,PRJ-043,Testing & Commissioning,2023-10-04,2023-11-13,2023-10-04,2023-11-13,Completed,100,4955355
PH-PRJ-043-10,PRJ-043,Handover,2023-11-13,2023-12-10,2023-11-13,2023-12-10,Completed,100,3303570
PH-PRJ-044-01,PRJ-044,Enabling Works,2022-05-22,2022-06-16,2022-05-22,2022-06-16,Completed,100,13338398
PH-PRJ-044-02,PRJ-044,Excavation & Shoring,2022-06-16,2022-08-06,2022-06-16,2022-08-06,Completed,100,26676797
PH-PRJ-044-03,PRJ-044,Piling,2022-08-06,2022-10-06,2022-08-06,2022-10-06,Completed,100,32012156
PH-PRJ-044-04,PRJ-044,Substructure,2022-10-06,2022-12-21,2022-10-06,2022-12-21,Completed,100,40015195
PH-PRJ-044-05,PRJ-044,Superstructure,2022-12-21,2023-04-27,2022-12-21,2023-04-27,Completed,100,66691993
PH-PRJ-044-06,PRJ-044,MEP Rough-In,2023-04-27,2023-06-17,2023-04-27,2023-06-17,Completed,100,26676797
PH-PRJ-044-07,PRJ-044,Facade,2023-06-17,2023-07-27,2023-06-17,2023-07-27,Completed,100,21341437
PH-PRJ-044-08,PRJ-044,Finishes,2023-07-27,2023-09-16,2023-07-27,2023-09-16,Completed,100,26676797
PH-PRJ-044-09,PRJ-044,Testing & Commissioning,2023-09-16,2023-10-01,2023-09-16,2023-10-01,Completed,100,8003039
PH-PRJ-044-10,PRJ-044,Handover,2023-10-01,2023-10-11,2023-10-01,2023-10-11,Completed,100,5335359
PH-PRJ-045-01,PRJ-045,Enabling Works,2020-07-01,2020-08-03,2020-07-01,2020-08-03,Completed,100,13391984
PH-PRJ-045-02,PRJ-045,Excavation & Shoring,2020-08-03,2020-10-08,2020-08-03,2020-10-08,Completed,100,26783969
PH-PRJ-045-03,PRJ-045,Piling,2020-10-08,2020-12-26,2020-10-08,2020-12-26,Completed,100,32140763
PH-PRJ-045-04,PRJ-045,Substructure,2020-12-26,2021-04-04,2020-12-26,2021-04-04,Completed,100,40175954
PH-PRJ-045-05,PRJ-045,Superstructure,2021-04-04,2021-09-16,2021-04-04,2021-09-16,Completed,100,66959924
PH-PRJ-045-06,PRJ-045,MEP Rough-In,2021-09-16,2021-11-21,2021-09-16,2021-11-21,Completed,100,26783969
PH-PRJ-045-07,PRJ-045,Facade,2021-11-21,2022-01-12,2021-11-21,2022-01-12,Completed,100,21427175
PH-PRJ-045-08,PRJ-045,Finishes,2022-01-12,2022-03-19,2022-01-12,2022-03-19,Completed,100,26783969
PH-PRJ-045-09,PRJ-045,Testing & Commissioning,2022-03-19,2022-04-07,2022-03-19,2022-04-07,Completed,100,8035190
PH-PRJ-045-10,PRJ-045,Handover,2022-04-07,2022-04-20,2022-04-07,2022-04-20,Completed,100,5356793
PH-PRJ-046-01,PRJ-046,Enabling Works,2024-01-05,2024-03-14,2024-01-05,2024-03-14,Completed,100,5602985
PH-PRJ-046-02,PRJ-046,Excavation & Shoring,2024-03-14,2024-07-30,2024-03-14,2024-07-30,Completed,100,11205971
PH-PRJ-046-03,PRJ-046,Piling,2024-07-30,2025-01-11,2024-07-30,2025-01-11,Completed,100,13447165
PH-PRJ-046-04,PRJ-046,Substructure,2025-01-11,2025-08-06,2025-01-11,2025-08-06,Completed,100,16808956
PH-PRJ-046-05,PRJ-046,Superstructure,2025-08-06,2026-07-17,2025-08-06,,In Progress,82,28014927
PH-PRJ-046-06,PRJ-046,MEP Rough-In,2026-07-17,2026-12-02,,,Not Started,0,11205971
PH-PRJ-046-07,PRJ-046,Facade,2026-12-02,2027-03-22,,,Not Started,0,8964776
PH-PRJ-046-08,PRJ-046,Finishes,2027-03-22,2027-08-07,,,Not Started,0,11205971
PH-PRJ-046-09,PRJ-046,Testing & Commissioning,2027-08-07,2027-09-17,,,Not Started,0,3361791
PH-PRJ-046-10,PRJ-046,Handover,2027-09-17,2027-10-14,,,Not Started,0,2241194
PH-PRJ-047-01,PRJ-047,Enabling Works,2024-07-02,2024-08-17,2024-07-02,2024-08-17,Completed,100,3710959
PH-PRJ-047-02,PRJ-047,Excavation & Shoring,2024-08-17,2024-11-18,2024-08-17,2024-11-18,Completed,100,7421919
PH-PRJ-047-03,PRJ-047,Piling,2024-11-18,2025-03-09,2024-11-18,2025-03-09,Completed,100,8906303
PH-PRJ-047-04,PRJ-047,Substructure,2025-03-09,2025-07-26,2025-03-09,2025-07-26,Completed,100,11132879
PH-PRJ-047-05,PRJ-047,Superstructure,2025-07-26,2026-03-15,2025-07-26,,In Progress,80,18554799
PH-PRJ-047-06,PRJ-047,MEP Rough-In,2026-03-15,2026-06-16,,,Not Started,0,7421919
PH-PRJ-047-07,PRJ-047,Facade,2026-06-16,2026-08-29,,,Not Started,0,5937535
PH-PRJ-047-08,PRJ-047,Finishes,2026-08-29,2026-11-30,,,Not Started,0,7421919
PH-PRJ-047-09,PRJ-047,Testing & Commissioning,2026-11-30,2026-12-27,,,Not Started,0,2226575
PH-PRJ-047-10,PRJ-047,Handover,2026-12-27,2027-01-14,,,Not Started,0,1484383
PH-PRJ-048-01,PRJ-048,Enabling Works,2023-01-15,2023-03-05,2023-01-15,2023-03-05,Completed,100,11891112
PH-PRJ-048-02,PRJ-048,Excavation & Shoring,2023-03-05,2023-06-12,2023-03-05,2023-06-12,Completed,100,23782224
PH-PRJ-048-03,PRJ-048,Piling,2023-06-12,2023-10-08,2023-06-12,2023-10-08,Completed,100,28538669
PH-PRJ-048-04,PRJ-048,Substructure,2023-10-08,2024-03-04,2023-10-08,2024-03-04,Completed,100,35673336
PH-PRJ-048-05,PRJ-048,Superstructure,2024-03-04,2024-11-06,2024-03-04,2024-11-06,Completed,100,59455561
PH-PRJ-048-06,PRJ-048,MEP Rough-In,2024-11-06,2025-02-13,2024-11-06,2025-02-13,Completed,100,23782224
PH-PRJ-048-07,PRJ-048,Facade,2025-02-13,2025-05-03,2025-02-13,2025-05-03,Completed,100,19025779
PH-PRJ-048-08,PRJ-048,Finishes,2025-05-03,2025-08-10,2025-05-03,2025-08-10,Completed,100,23782224
PH-PRJ-048-09,PRJ-048,Testing & Commissioning,2025-08-10,2025-09-08,2025-08-10,2025-09-08,Completed,100,7134667
PH-PRJ-048-10,PRJ-048,Handover,2025-09-08,2025-09-27,2025-09-08,2025-09-27,Completed,100,4756444
PH-PRJ-049-01,PRJ-049,Enabling Works,2024-12-19,2025-01-18,2024-12-19,2025-01-18,Completed,100,5919094
PH-PRJ-049-02,PRJ-049,Excavation & Shoring,2025-01-18,2025-03-19,2025-01-18,2025-03-19,Completed,100,11838189
PH-PRJ-049-03,PRJ-049,Piling,2025-03-19,2025-05-30,2025-03-19,2025-05-30,Completed,100,14205826
PH-PRJ-049-04,PRJ-049,Substructure,2025-05-30,2025-08-28,2025-05-30,2025-08-28,Completed,100,17757283
PH-PRJ-049-05,PRJ-049,Superstructure,2025-08-28,2026-01-25,2025-08-28,2026-01-25,Completed,100,29595472
PH-PRJ-049-06,PRJ-049,MEP Rough-In,2026-01-25,2026-03-26,2026-01-25,,In Progress,22,11838189
PH-PRJ-049-07,PRJ-049,Facade,2026-03-26,2026-05-13,,,Not Started,0,9470551
PH-PRJ-049-08,PRJ-049,Finishes,2026-05-13,2026-07-12,,,Not Started,0,11838189
PH-PRJ-049-09,PRJ-049,Testing & Commissioning,2026-07-12,2026-07-30,,,Not Started,0,3551456
PH-PRJ-049-10,PRJ-049,Handover,2026-07-30,2026-08-11,,,Not Started,0,2367637
PH-PRJ-050-01,PRJ-050,Enabling Works,2021-12-24,2022-01-15,2021-12-24,2022-01-15,Completed,100,18019619
PH-PRJ-050-02,PRJ-050,Excavation & Shoring,2022-01-15,2022-03-01,2022-01-15,2022-03-01,Completed,100,36039239
PH-PRJ-050-03,PRJ-050,Piling,2022-03-01,2022-04-24,2022-03-01,2022-04-24,Completed,100,43247087
PH-PRJ-050-04,PRJ-050,Substructure,2022-04-24,2022-06-30,2022-04-24,2022-06-30,Completed,100,54058858
PH-PRJ-050-05,PRJ-050,Superstructure,2022-06-30,2022-10-20,2022-06-30,2022-10-20,Completed,100,90098098
PH-PRJ-050-06,PRJ-050,MEP Rough-In,2022-10-20,2022-12-04,2022-10-20,2022-12-04,Completed,100,36039239
PH-PRJ-050-07,PRJ-050,Facade,2022-12-04,2023-01-09,2022-12-04,2023-01-09,Completed,100,28831391
PH-PRJ-050-08,PRJ-050,Finishes,2023-01-09,2023-02-23,2023-01-09,2023-02-23,Completed,100,36039239
PH-PRJ-050-09,PRJ-050,Testing & Commissioning,2023-02-23,2023-03-08,2023-02-23,2023-03-08,Completed,100,10811771
PH-PRJ-050-10,PRJ-050,Handover,2023-03-08,2023-03-17,2023-03-08,2023-03-17,Completed,100,7207847
PH-PRJ-051-01,PRJ-051,Enabling Works,2021-05-10,2021-06-21,2021-05-10,2021-06-21,Completed,100,12984479
PH-PRJ-051-02,PRJ-051,Excavation & Shoring,2021-06-21,2021-09-13,2021-06-21,2021-09-13,Completed,100,25968959
PH-PRJ-051-03,PRJ-051,Piling,2021-09-13,2021-12-22,2021-09-13,2021-12-22,Completed,100,31162751
PH-PRJ-051-04,PRJ-051,Substructure,2021-12-22,2022-04-27,2021-12-22,2022-04-27,Completed,100,38953438
PH-PRJ-051-05,PRJ-051,Superstructure,2022-04-27,2022-11-23,2022-04-27,2022-11-23,Completed,100,64922398
PH-PRJ-051-06,PRJ-051,MEP Rough-In,2022-11-23,2023-02-15,2022-11-23,2023-02-15,Completed,100,25968959
PH-PRJ-051-07,PRJ-051,Facade,2023-02-15,2023-04-23,2023-02-15,2023-04-23,Completed,100,20775167
PH-PRJ-051-08,PRJ-051,Finishes,2023-04-23,2023-07-16,2023-04-23,2023-07-16,Completed,100,25968959
PH-PRJ-051-09,PRJ-051,Testing & Commissioning,2023-07-16,2023-08-10,2023-07-16,2023-08-10,Completed,100,7790687
PH-PRJ-051-10,PRJ-051,Handover,2023-08-10,2023-08-26,2023-08-10,2023-08-26,Completed,100,5193791
PH-PRJ-052-01,PRJ-052,Enabling Works,2020-11-07,2021-01-03,2020-11-07,2021-01-03,Completed,100,22547664
PH-PRJ-052-02,PRJ-052,Excavation & Shoring,2021-01-03,2021-04-27,2021-01-03,2021-04-27,Completed,100,45095328
PH-PRJ-052-03,PRJ-052,Piling,2021-04-27,2021-09-10,2021-04-27,2021-09-10,Completed,100,54114393
PH-PRJ-052-04,PRJ-052,Substructure,2021-09-10,2022-02-28,2021-09-10,2022-02-28,Completed,100,67642992
PH-PRJ-052-05,PRJ-052,Superstructure,2022-02-28,2022-12-10,2022-02-28,2022-12-10,Completed,100,112738320
PH-PRJ-052-06,PRJ-052,MEP Rough-In,2022-12-10,2023-04-03,2022-12-10,2023-04-03,Completed,100,45095328
PH-PRJ-052-07,PRJ-052,Facade,2023-04-03,2023-07-03,2023-04-03,2023-07-03,Completed,100,36076262
PH-PRJ-052-08,PRJ-052,Finishes,2023-07-03,2023-10-25,2023-07-03,2023-10-25,Completed,100,45095328
PH-PRJ-052-09,PRJ-052,Testing & Commissioning,2023-10-25,2023-11-28,2023-10-25,2023-11-28,Completed,100,13528598
PH-PRJ-052-10,PRJ-052,Handover,2023-11-28,2023-12-20,2023-11-28,2023-12-20,Completed,100,9019065
PH-PRJ-053-01,PRJ-053,Enabling Works,2022-02-09,2022-03-23,2022-02-09,2022-03-23,Completed,100,22570376
PH-PRJ-053-02,PRJ-053,Excavation & Shoring,2022-03-23,2022-06-15,2022-03-23,2022-06-15,Completed,100,45140753
PH-PRJ-053-03,PRJ-053,Piling,2022-06-15,2022-09-23,2022-06-15,2022-09-23,Completed,100,54168903
PH-PRJ-053-04,PRJ-053,Substructure,2022-09-23,2023-01-27,2022-09-23,2023-01-27,Completed,100,67711129
PH-PRJ-053-05,PRJ-053,Superstructure,2023-01-27,2023-08-25,2023-01-27,2023-08-25,Completed,100,112851882
PH-PRJ-053-06,PRJ-053,MEP Rough-In,2023-08-25,2023-11-17,2023-08-25,2023-11-17,Completed,100,45140753
PH-PRJ-053-07,PRJ-053,Facade,2023-11-17,2024-01-23,2023-11-17,2024-01-23,Completed,100,36112602
PH-PRJ-053-08,PRJ-053,Finishes,2024-01-23,2024-04-16,2024-01-23,2024-04-16,Completed,100,45140753
PH-PRJ-053-09,PRJ-053,Testing & Commissioning,2024-04-16,2024-05-11,2024-04-16,2024-05-11,Completed,100,13542225
PH-PRJ-053-10,PRJ-053,Handover,2024-05-11,2024-05-27,2024-05-11,2024-05-27,Completed,100,9028150
PH-PRJ-054-01,PRJ-054,Enabling Works,2022-01-19,2022-03-09,2022-01-19,2022-03-09,Completed,100,6544952
PH-PRJ-054-02,PRJ-054,Excavation & Shoring,2022-03-09,2022-06-16,2022-03-09,2022-06-16,Completed,100,13089905
PH-PRJ-054-03,PRJ-054,Piling,2022-06-16,2022-10-12,2022-06-16,2022-10-12,Completed,100,15707886
PH-PRJ-054-04,PRJ-054,Substructure,2022-10-12,2023-03-09,2022-10-12,2023-03-09,Completed,100,19634858
PH-PRJ-054-05,PRJ-054,Superstructure,2023-03-09,2023-11-11,2023-03-09,2023-11-11,Completed,100,32724764
PH-PRJ-054-06,PRJ-054,MEP Rough-In,2023-11-11,2024-02-18,2023-11-11,2024-02-18,Completed,100,13089905
PH-PRJ-054-07,PRJ-054,Facade,2024-02-18,2024-05-07,2024-02-18,2024-05-07,Completed,100,10471924
PH-PRJ-054-08,PRJ-054,Finishes,2024-05-07,2024-08-14,2024-05-07,2024-08-14,Completed,100,13089905
PH-PRJ-054-09,PRJ-054,Testing & Commissioning,2024-08-14,2024-09-12,2024-08-14,2024-09-12,Completed,100,3926971
PH-PRJ-054-10,PRJ-054,Handover,2024-09-12,2024-10-01,2024-09-12,2024-10-01,Completed,100,2617981
PH-PRJ-055-01,PRJ-055,Enabling Works,2022-04-08,2022-05-05,2022-04-08,2022-05-05,Completed,100,24537486
PH-PRJ-055-02,PRJ-055,Excavation & Shoring,2022-05-05,2022-06-28,2022-05-05,2022-06-28,Completed,100,49074973
PH-PRJ-055-03,PRJ-055,Piling,2022-06-28,2022-08-31,2022-06-28,2022-08-31,Completed,100,58889968
PH-PRJ-055-04,PRJ-055,Substructure,2022-08-31,2022-11-20,2022-08-31,2022-11-20,Completed,100,73612460
PH-PRJ-055-05,PRJ-055,Superstructure,2022-11-20,2023-04-04,2022-11-20,2023-04-04,Completed,100,122687433
PH-PRJ-055-06,PRJ-055,MEP Rough-In,2023-04-04,2023-05-28,2023-04-04,2023-05-28,Completed,100,49074973
PH-PRJ-055-07,PRJ-055,Facade,2023-05-28,2023-07-10,2023-05-28,2023-07-10,Completed,100,39259978
PH-PRJ-055-08,PRJ-055,Finishes,2023-07-10,2023-09-02,2023-07-10,2023-09-02,Completed,100,49074973
PH-PRJ-055-09,PRJ-055,Testing & Commissioning,2023-09-02,2023-09-18,2023-09-02,2023-09-18,Completed,100,14722492
PH-PRJ-055-10,PRJ-055,Handover,2023-09-18,2023-09-28,2023-09-18,2023-09-28,Completed,100,9814994
PH-PRJ-056-01,PRJ-056,Enabling Works,2024-07-16,2024-09-06,2024-07-16,2024-09-06,Completed,100,21767681
PH-PRJ-056-02,PRJ-056,Excavation & Shoring,2024-09-06,2024-12-20,2024-09-06,2024-12-20,Completed,100,43535362
PH-PRJ-056-03,PRJ-056,Piling,2024-12-20,2025-04-25,2024-12-20,2025-04-25,Completed,100,52242435
PH-PRJ-056-04,PRJ-056,Substructure,2025-04-25,2025-09-29,2025-04-25,2025-09-29,Completed,100,65303044
PH-PRJ-056-05,PRJ-056,Superstructure,2025-09-29,2026-06-18,2025-09-29,,In Progress,77,108838407
PH-PRJ-056-06,PRJ-056,MEP Rough-In,2026-06-18,2026-10-01,,,Not Started,0,43535362
PH-PRJ-056-07,PRJ-056,Facade,2026-10-01,2026-12-24,,,Not Started,0,34828290
PH-PRJ-056-08,PRJ-056,Finishes,2026-12-24,2027-04-08,,,Not Started,0,43535362
PH-PRJ-056-09,PRJ-056,Testing & Commissioning,2027-04-08,2027-05-09,,,Not Started,0,13060608
PH-PRJ-056-10,PRJ-056,Handover,2027-05-09,2027-05-30,,,Not Started,0,8707072
PH-PRJ-057-01,PRJ-057,Enabling Works,2020-06-22,2020-08-04,2020-06-22,2020-08-04,Completed,100,23831398
PH-PRJ-057-02,PRJ-057,Excavation & Shoring,2020-08-04,2020-10-30,2020-08-04,2020-10-30,Completed,100,47662796
PH-PRJ-057-03,PRJ-057,Piling,2020-10-30,2021-02-11,2020-10-30,2021-02-11,Completed,100,57195355
PH-PRJ-057-04,PRJ-057,Substructure,2021-02-11,2021-06-21,2021-02-11,2021-06-21,Completed,100,71494194
PH-PRJ-057-05,PRJ-057,Superstructure,2021-06-21,2022-01-24,2021-06-21,2022-01-24,Completed,100,119156990
PH-PRJ-057-06,PRJ-057,MEP Rough-In,2022-01-24,2022-04-21,2022-01-24,2022-04-21,Completed,100,47662796
PH-PRJ-057-07,PRJ-057,Facade,2022-04-21,2022-06-29,2022-04-21,2022-06-29,Completed,100,38130236
PH-PRJ-057-08,PRJ-057,Finishes,2022-06-29,2022-09-24,2022-06-29,2022-09-24,Completed,100,47662796
PH-PRJ-057-09,PRJ-057,Testing & Commissioning,2022-09-24,2022-10-20,2022-09-24,2022-10-20,Completed,100,14298838
PH-PRJ-057-10,PRJ-057,Handover,2022-10-20,2022-11-06,2022-10-20,2022-11-06,Completed,100,9532559
PH-PRJ-058-01,PRJ-058,Enabling Works,2021-11-12,2022-01-08,2021-11-12,2022-01-08,Completed,100,17667340
PH-PRJ-058-02,PRJ-058,Excavation & Shoring,2022-01-08,2022-05-02,2022-01-08,2022-05-02,Completed,100,35334680
PH-PRJ-058-03,PRJ-058,Piling,2022-05-02,2022-09-15,2022-05-02,2022-09-15,Completed,100,42401616
PH-PRJ-058-04,PRJ-058,Substructure,2022-09-15,2023-03-05,2022-09-15,2023-03-05,Completed,100,53002020
PH-PRJ-058-05,PRJ-058,Superstructure,2023-03-05,2023-12-15,2023-03-05,2023-12-15,Completed,100,88336700
PH-PRJ-058-06,PRJ-058,MEP Rough-In,2023-12-15,2024-04-07,2023-12-15,2024-04-07,Completed,100,35334680
PH-PRJ-058-07,PRJ-058,Facade,2024-04-07,2024-07-07,2024-04-07,2024-07-07,Completed,100,28267744
PH-PRJ-058-08,PRJ-058,Finishes,2024-07-07,2024-10-29,2024-07-07,2024-10-29,Completed,100,35334680
PH-PRJ-058-09,PRJ-058,Testing & Commissioning,2024-10-29,2024-12-02,2024-10-29,2024-12-02,Completed,100,10600404
PH-PRJ-058-10,PRJ-058,Handover,2024-12-02,2024-12-24,2024-12-02,2024-12-24,Completed,100,7066936
PH-PRJ-059-01,PRJ-059,Enabling Works,2024-11-23,2024-12-27,2024-11-23,2024-12-27,Completed,100,16660081
PH-PRJ-059-02,PRJ-059,Excavation & Shoring,2024-12-27,2025-03-06,2024-12-27,2025-03-06,Completed,100,33320162
PH-PRJ-059-03,PRJ-059,Piling,2025-03-06,2025-05-27,2025-03-06,2025-05-27,Completed,100,39984194
PH-PRJ-059-04,PRJ-059,Substructure,2025-05-27,2025-09-07,2025-05-27,2025-09-07,Completed,100,49980243
PH-PRJ-059-05,PRJ-059,Superstructure,2025-09-07,2026-02-26,2025-09-07,,In Progress,51,83300405
PH-PRJ-059-06,PRJ-059,MEP Rough-In,2026-02-26,2026-05-06,,,Not Started,0,33320162
PH-PRJ-059-07,PRJ-059,Facade,2026-05-06,2026-06-30,,,Not Started,0,26656129
PH-PRJ-059-08,PRJ-059,Finishes,2026-06-30,2026-09-07,,,Not Started,0,33320162
PH-PRJ-059-09,PRJ-059,Testing & Commissioning,2026-09-07,2026-09-27,,,Not Started,0,9996048
PH-PRJ-059-10,PRJ-059,Handover,2026-09-27,2026-10-10,,,Not Started,0,6664032
PH-PRJ-060-01,PRJ-060,Enabling Works,2023-04-21,2023-06-08,2023-04-21,2023-06-08,Completed,100,581791
PH-PRJ-060-02,PRJ-060,Excavation & Shoring,2023-06-08,2023-09-12,2023-06-08,2023-09-12,Completed,100,1163583
PH-PRJ-060-03,PRJ-060,Piling,2023-09-12,2024-01-05,2023-09-12,2024-01-05,Completed,100,1396300
PH-PRJ-060-04,PRJ-060,Substructure,2024-01-05,2024-05-28,2024-01-05,2024-05-28,Completed,100,1745375
PH-PRJ-060-05,PRJ-060,Superstructure,2024-05-28,2025-01-23,2024-05-28,2025-01-23,Completed,100,2908959
PH-PRJ-060-06,PRJ-060,MEP Rough-In,2025-01-23,2025-04-29,2025-01-23,2025-04-29,Completed,100,1163583
PH-PRJ-060-07,PRJ-060,Facade,2025-04-29,2025-07-14,2025-04-29,2025-07-14,Completed,100,930866
PH-PRJ-060-08,PRJ-060,Finishes,2025-07-14,2025-10-18,2025-07-14,2025-10-18,Completed,100,1163583
PH-PRJ-060-09,PRJ-060,Testing & Commissioning,2025-10-18,2025-11-15,2025-10-18,2025-11-15,Completed,100,349075
PH-PRJ-060-10,PRJ-060,Handover,2025-11-15,2025-12-04,2025-11-15,2025-12-04,Completed,100,232716
PH-PRJ-061-01,PRJ-061,Enabling Works,2023-01-07,2023-03-06,2023-01-07,2023-03-06,Completed,100,18012730
PH-PRJ-061-02,PRJ-061,Excavation & Shoring,2023-03-06,2023-07-01,2023-03-06,2023-07-01,Completed,100,36025460
PH-PRJ-061-03,PRJ-061,Piling,2023-07-01,2023-11-18,2023-07-01,2023-11-18,Completed,100,43230552
PH-PRJ-061-04,PRJ-061,Substructure,2023-11-18,2024-05-11,2023-11-18,2024-05-11,Completed,100,54038190
PH-PRJ-061-05,PRJ-061,Superstructure,2024-05-11,2025-02-27,2024-05-11,2025-02-27,Completed,100,90063650
PH-PRJ-061-06,PRJ-061,MEP Rough-In,2025-02-27,2025-06-24,2025-02-27,2025-06-24,Completed,100,36025460
PH-PRJ-061-07,PRJ-061,Facade,2025-06-24,2025-09-25,2025-06-24,2025-09-25,Completed,100,28820368
PH-PRJ-061-08,PRJ-061,Finishes,2025-09-25,2026-01-20,2025-09-25,2026-01-20,Completed,100,36025460
PH-PRJ-061-09,PRJ-061,Testing & Commissioning,2026-01-20,2026-02-24,2026-01-20,,In Progress,45,10807638
PH-PRJ-061-10,PRJ-061,Handover,2026-02-24,2026-03-19,,,Not Started,0,7205092
PH-PRJ-062-01,PRJ-062,Enabling Works,2021-06-23,2021-08-26,2021-06-23,2021-08-26,Completed,100,23588198
PH-PRJ-062-02,PRJ-062,Excavation & Shoring,2021-08-26,2022-01-02,2021-08-26,2022-01-02,Completed,100,47176396
PH-PRJ-062-03,PRJ-062,Piling,2022-01-02,2022-06-05,2022-01-02,2022-06-05,Completed,100,56611675
PH-PRJ-062-04,PRJ-062,Substructure,2022-06-05,2022-12-15,2022-06-05,2022-12-15,Completed,100,70764594
PH-PRJ-062-05,PRJ-062,Superstructure,2022-12-15,2023-11-02,2022-12-15,2023-11-02,Completed,100,117940991
PH-PRJ-062-06,PRJ-062,MEP Rough-In,2023-11-02,2024-03-10,2023-11-02,2024-03-10,Completed,100,47176396
PH-PRJ-062-07,PRJ-062,Facade,2024-03-10,2024-06-21,2024-03-10,2024-06-21,Completed,100,37741117
PH-PRJ-062-08,PRJ-062,Finishes,2024-06-21,2024-10-28,2024-06-21,2024-10-28,Completed,100,47176396
PH-PRJ-062-09,PRJ-062,Testing & Commissioning,2024-10-28,2024-12-05,2024-10-28,2024-12-05,Completed,100,14152918
PH-PRJ-062-10,PRJ-062,Handover,2024-12-05,2024-12-30,2024-12-05,2024-12-30,Completed,100,9435279
PH-PRJ-063-01,PRJ-063,Enabling Works,2021-07-01,2021-08-25,2021-07-01,2021-08-25,Completed,100,22183949
PH-PRJ-063-02,PRJ-063,Excavation & Shoring,2021-08-25,2021-12-14,2021-08-25,2021-12-14,Completed,100,44367899
PH-PRJ-063-03,PRJ-063,Piling,2021-12-14,2022-04-26,2021-12-14,2022-04-26,Completed,100,53241479
PH-PRJ-063-04,PRJ-063,Substructure,2022-04-26,2022-10-09,2022-04-26,2022-10-09,Completed,100,66551849
PH-PRJ-063-05,PRJ-063,Superstructure,2022-10-09,2023-07-13,2022-10-09,2023-07-13,Completed,100,110919749
PH-PRJ-063-06,PRJ-063,MEP Rough-In,2023-07-13,2023-11-01,2023-07-13,2023-11-01,Completed,100,44367899
PH-PRJ-063-07,PRJ-063,Facade,2023-11-01,2024-01-28,2023-11-01,2024-01-28,Completed,100,35494319
PH-PRJ-063-08,PRJ-063,Finishes,2024-01-28,2024-05-18,2024-01-28,2024-05-18,Completed,100,44367899
PH-PRJ-063-09,PRJ-063,Testing & Commissioning,2024-05-18,2024-06-20,2024-05-18,2024-06-20,Completed,100,13310369
PH-PRJ-063-10,PRJ-063,Handover,2024-06-20,2024-07-12,2024-06-20,2024-07-12,Completed,100,8873579
PH-PRJ-064-01,PRJ-064,Enabling Works,2022-01-04,2022-02-01,2022-01-04,2022-02-01,Completed,100,13601264
PH-PRJ-064-02,PRJ-064,Excavation & Shoring,2022-02-01,2022-03-30,2022-02-01,2022-03-30,Completed,100,27202528
PH-PRJ-064-03,PRJ-064,Piling,2022-03-30,2022-06-06,2022-03-30,2022-06-06,Completed,100,32643033
PH-PRJ-064-04,PRJ-064,Substructure,2022-06-06,2022-08-30,2022-06-06,2022-08-30,Completed,100,40803792
PH-PRJ-064-05,PRJ-064,Superstructure,2022-08-30,2023-01-19,2022-08-30,2023-01-19,Completed,100,68006320
PH-PRJ-064-06,PRJ-064,MEP Rough-In,2023-01-19,2023-03-17,2023-01-19,2023-03-17,Completed,100,27202528
PH-PRJ-064-07,PRJ-064,Facade,2023-03-17,2023-05-01,2023-03-17,2023-05-01,Completed,100,21762022
PH-PRJ-064-08,PRJ-064,Finishes,2023-05-01,2023-06-27,2023-05-01,2023-06-27,Completed,100,27202528
PH-PRJ-064-09,PRJ-064,Testing & Commissioning,2023-06-27,2023-07-14,2023-06-27,2023-07-14,Completed,100,8160758
PH-PRJ-064-10,PRJ-064,Handover,2023-07-14,2023-07-25,2023-07-14,2023-07-25,Completed,100,5440505
PH-PRJ-065-01,PRJ-065,Enabling Works,2025-01-14,2025-03-21,2025-01-14,2025-03-21,Completed,100,15345000
PH-PRJ-065-02,PRJ-065,Excavation & Shoring,2025-03-21,2025-07-31,2025-03-21,2025-07-31,Completed,100,30690000
PH-PRJ-065-03,PRJ-065,Piling,2025-07-31,2026-01-05,2025-07-31,2026-01-05,Completed,100,36828000
PH-PRJ-065-04,PRJ-065,Substructure,2026-01-05,2026-07-22,2026-01-05,,In Progress,57,46035000
PH-PRJ-065-05,PRJ-065,Superstructure,2026-07-22,2027-06-17,,,Not Started,0,76725000
PH-PRJ-065-06,PRJ-065,MEP Rough-In,2027-06-17,2027-10-27,,,Not Started,0,30690000
PH-PRJ-065-07,PRJ-065,Facade,2027-10-27,2028-02-09,,,Not Started,0,24552000
PH-PRJ-065-08,PRJ-065,Finishes,2028-02-09,2028-06-20,,,Not Started,0,30690000
PH-PRJ-065-09,PRJ-065,Testing & Commissioning,2028-06-20,2028-07-29,,,Not Started,0,9207000
PH-PRJ-065-10,PRJ-065,Handover,2028-07-29,2028-08-24,,,Not Started,0,6138000
PH-PRJ-066-01,PRJ-066,Enabling Works,2022-09-15,2022-11-06,2022-09-15,2022-11-06,Completed,100,19467656
PH-PRJ-066-02,PRJ-066,Excavation & Shoring,2022-11-06,2023-02-19,2022-11-06,2023-02-19,Completed,100,38935313
PH-PRJ-066-03,PRJ-066,Piling,2023-02-19,2023-06-25,2023-02-19,2023-06-25,Completed,100,46722376
PH-PRJ-066-04,PRJ-066,Substructure,2023-06-25,2023-11-29,2023-06-25,2023-11-29,Completed,100,58402970
PH-PRJ-066-05,PRJ-066,Superstructure,2023-11-29,2024-08-17,2023-11-29,2024-08-17,Completed,100,97338283
PH-PRJ-066-06,PRJ-066,MEP Rough-In,2024-08-17,2024-11-30,2024-08-17,2024-11-30,Completed,100,38935313
PH-PRJ-066-07,PRJ-066,Facade,2024-11-30,2025-02-22,2024-11-30,2025-02-22,Completed,100,31148250
PH-PRJ-066-08,PRJ-066,Finishes,2025-02-22,2025-06-07,2025-02-22,2025-06-07,Completed,100,38935313
PH-PRJ-066-09,PRJ-066,Testing & Commissioning,2025-06-07,2025-07-08,2025-06-07,2025-07-08,Completed,100,11680594
PH-PRJ-066-10,PRJ-066,Handover,2025-07-08,2025-07-29,2025-07-08,2025-07-29,Completed,100,7787062
PH-PRJ-067-01,PRJ-067,Enabling Works,2023-01-19,2023-03-12,2023-01-19,2023-03-12,Completed,100,19096747
PH-PRJ-067-02,PRJ-067,Excavation & Shoring,2023-03-12,2023-06-25,2023-03-12,2023-06-25,Completed,100,38193494
PH-PRJ-067-03,PRJ-067,Piling,2023-06-25,2023-10-29,2023-06-25,2023-10-29,Completed,100,45832193
PH-PRJ-067-04,PRJ-067,Substructure,2023-10-29,2024-04-03,2023-10-29,2024-04-03,Completed,100,57290242
PH-PRJ-067-05,PRJ-067,Superstructure,2024-04-03,2024-12-21,2024-04-03,2024-12-21,Completed,100,95483737
PH-PRJ-067-06,PRJ-067,MEP Rough-In,2024-12-21,2025-04-05,2024-12-21,2025-04-05,Completed,100,38193494
PH-PRJ-067-07,PRJ-067,Facade,2025-04-05,2025-06-28,2025-04-05,2025-06-28,Completed,100,30554795
PH-PRJ-067-08,PRJ-067,Finishes,2025-06-28,2025-10-11,2025-06-28,2025-10-11,Completed,100,38193494
PH-PRJ-067-09,PRJ-067,Testing & Commissioning,2025-10-11,2025-11-11,2025-10-11,2025-11-11,Completed,100,11458048
PH-PRJ-067-10,PRJ-067,Handover,2025-11-11,2025-12-02,2025-11-11,2025-12-02,Completed,100,7638698
PH-PRJ-068-01,PRJ-068,Enabling Works,2025-01-11,2025-02-16,2025-01-11,2025-02-16,Completed,100,5284329
PH-PRJ-068-02,PRJ-068,Excavation & Shoring,2025-02-16,2025-04-29,2025-02-16,2025-04-29,Completed,100,10568659
PH-PRJ-068-03,PRJ-068,Piling,2025-04-29,2025-07-24,2025-04-29,2025-07-24,Completed,100,12682391
PH-PRJ-068-04,PRJ-068,Substructure,2025-07-24,2025-11-09,2025-07-24,2025-11-09,Completed,100,15852989
PH-PRJ-068-05,PRJ-068,Superstructure,2025-11-09,2026-05-08,2025-11-09,,In Progress,70,26421649
PH-PRJ-068-06,PRJ-068,MEP Rough-In,2026-05-08,2026-07-19,,,Not Started,0,10568659
PH-PRJ-068-07,PRJ-068,Facade,2026-07-19,2026-09-14,,,Not Started,0,8454927
PH-PRJ-068-08,PRJ-068,Finishes,2026-09-14,2026-11-25,,,Not Started,0,10568659
PH-PRJ-068-09,PRJ-068,Testing & Commissioning,2026-11-25,2026-12-16,,,Not Started,0,3170597
PH-PRJ-068-10,PRJ-068,Handover,2026-12-16,2026-12-30,,,Not Started,0,2113731
PH-PRJ-069-01,PRJ-069,Enabling Works,2020-03-28,2020-05-28,2020-03-28,2020-05-28,Completed,100,17925312
PH-PRJ-069-02,PRJ-069,Excavation & Shoring,2020-05-28,2020-09-28,2020-05-28,2020-09-28,Completed,100,35850624
PH-PRJ-069-03,PRJ-069,Piling,2020-09-28,2021-02-22,2020-09-28,2021-02-22,Completed,100,43020749
PH-PRJ-069-04,PRJ-069,Substructure,2021-02-22,2021-08-25,2021-02-22,2021-08-25,Completed,100,53775936
PH-PRJ-069-05,PRJ-069,Superstructure,2021-08-25,2022-06-28,2021-08-25,2022-06-28,Completed,100,89626561
PH-PRJ-069-06,PRJ-069,MEP Rough-In,2022-06-28,2022-10-29,2022-06-28,2022-10-29,Completed,100,35850624
PH-PRJ-069-07,PRJ-069,Facade,2022-10-29,2023-02-04,2022-10-29,2023-02-04,Completed,100,28680499
PH-PRJ-069-08,PRJ-069,Finishes,2023-02-04,2023-06-07,2023-02-04,2023-06-07,Completed,100,35850624
PH-PRJ-069-09,PRJ-069,Testing & Commissioning,2023-06-07,2023-07-13,2023-06-07,2023-07-13,Completed,100,10755187
PH-PRJ-069-10,PRJ-069,Handover,2023-07-13,2023-08-06,2023-07-13,2023-08-06,Completed,100,7170124
PH-PRJ-070-01,PRJ-070,Enabling Works,2022-12-28,2023-03-04,2022-12-28,2023-03-04,Completed,100,21216996
PH-PRJ-070-02,PRJ-070,Excavation & Shoring,2023-03-04,2023-07-14,2023-03-04,2023-07-14,Completed,100,42433993
PH-PRJ-070-03,PRJ-070,Piling,2023-07-14,2023-12-19,2023-07-14,2023-12-19,Completed,100,50920792
PH-PRJ-070-04,PRJ-070,Substructure,2023-12-19,2024-07-04,2023-12-19,2024-07-04,Completed,100,63650990
PH-PRJ-070-05,PRJ-070,Superstructure,2024-07-04,2025-05-30,2024-07-04,2025-05-30,Completed,100,106084983
PH-PRJ-070-06,PRJ-070,MEP Rough-In,2025-05-30,2025-10-09,2025-05-30,2025-10-09,Completed,100,42433993
PH-PRJ-070-07,PRJ-070,Facade,2025-10-09,2026-01-22,2025-10-09,2026-01-22,Completed,100,33947194
PH-PRJ-070-08,PRJ-070,Finishes,2026-01-22,2026-06-03,2026-01-22,,In Progress,26,42433993
PH-PRJ-070-09,PRJ-070,Testing & Commissioning,2026-06-03,2026-07-12,,,Not Started,0,12730198
PH-PRJ-070-10,PRJ-070,Handover,2026-07-12,2026-08-07,,,Not Started,0,8486798
PH-PRJ-071-01,PRJ-071,Enabling Works,2024-10-29,2024-12-08,2024-10-29,2024-12-08,Completed,100,7594283
PH-PRJ-071-02,PRJ-071,Excavation & Shoring,2024-12-08,2025-02-27,2024-12-08,2025-02-27,Completed,100,15188566
PH-PRJ-071-03,PRJ-071,Piling,2025-02-27,2025-06-04,2025-02-27,2025-06-04,Completed,100,18226280
PH-PRJ-071-04,PRJ-071,Substructure,2025-06-04,2025-10-03,2025-06-04,2025-10-03,Completed,100,22782850
PH-PRJ-071-05,PRJ-071,Superstructure,2025-10-03,2026-04-23,2025-10-03,,In Progress,62,37971417
PH-PRJ-071-06,PRJ-071,MEP Rough-In,2026-04-23,2026-07-13,,,Not Started,0,15188566
PH-PRJ-071-07,PRJ-071,Facade,2026-07-13,2026-09-15,,,Not Started,0,12150853
PH-PRJ-071-08,PRJ-071,Finishes,2026-09-15,2026-12-05,,,Not Started,0,15188566
PH-PRJ-071-09,PRJ-071,Testing & Commissioning,2026-12-05,2026-12-29,,,Not Started,0,4556570
PH-PRJ-071-10,PRJ-071,Handover,2026-12-29,2027-01-14,,,Not Started,0,3037713
PH-PRJ-072-01,PRJ-072,Enabling Works,2024-10-17,2024-11-23,2024-10-17,2024-11-23,Completed,100,5642575
PH-PRJ-072-02,PRJ-072,Excavation & Shoring,2024-11-23,2025-02-06,2024-11-23,2025-02-06,Completed,100,11285150
PH-PRJ-072-03,PRJ-072,Piling,2025-02-06,2025-05-07,2025-02-06,2025-05-07,Completed,100,13542180
PH-PRJ-072-04,PRJ-072,Substructure,2025-05-07,2025-08-27,2025-05-07,2025-08-27,Completed,100,16927725
PH-PRJ-072-05,PRJ-072,Superstructure,2025-08-27,2026-03-02,2025-08-27,,In Progress,21,28212876
PH-PRJ-072-06,PRJ-072,MEP Rough-In,2026-03-02,2026-05-16,,,Not Started,0,11285150
PH-PRJ-072-07,PRJ-072,Facade,2026-05-16,2026-07-15,,,Not Started,0,9028120
PH-PRJ-072-08,PRJ-072,Finishes,2026-07-15,2026-09-28,,,Not Started,0,11285150
PH-PRJ-072-09,PRJ-072,Testing & Commissioning,2026-09-28,2026-10-20,,,Not Started,0,3385545
PH-PRJ-072-10,PRJ-072,Handover,2026-10-20,2026-11-04,,,Not Started,0,2257030
PH-PRJ-073-01,PRJ-073,Enabling Works,2021-03-17,2021-04-14,2021-03-17,2021-04-14,Completed,100,20671899
PH-PRJ-073-02,PRJ-073,Excavation & Shoring,2021-04-14,2021-06-10,2021-04-14,2021-06-10,Completed,100,41343798
PH-PRJ-073-03,PRJ-073,Piling,2021-06-10,2021-08-17,2021-06-10,2021-08-17,Completed,100,49612557
PH-PRJ-073-04,PRJ-073,Substructure,2021-08-17,2021-11-10,2021-08-17,2021-11-10,Completed,100,62015697
PH-PRJ-073-05,PRJ-073,Superstructure,2021-11-10,2022-04-01,2021-11-10,2022-04-01,Completed,100,103359495
PH-PRJ-073-06,PRJ-073,MEP Rough-In,2022-04-01,2022-05-28,2022-04-01,2022-05-28,Completed,100,41343798
PH-PRJ-073-07,PRJ-073,Facade,2022-05-28,2022-07-12,2022-05-28,2022-07-12,Completed,100,33075038
PH-PRJ-073-08,PRJ-073,Finishes,2022-07-12,2022-09-07,2022-07-12,2022-09-07,Completed,100,41343798
PH-PRJ-073-09,PRJ-073,Testing & Commissioning,2022-09-07,2022-09-24,2022-09-07,2022-09-24,Completed,100,12403139
PH-PRJ-073-10,PRJ-073,Handover,2022-09-24,2022-10-05,2022-09-24,2022-10-05,Completed,100,8268759
PH-PRJ-074-01,PRJ-074,Enabling Works,2024-10-15,2024-11-02,2024-10-15,2024-11-02,Completed,100,14281926
PH-PRJ-074-02,PRJ-074,Excavation & Shoring,2024-11-02,2024-12-08,2024-11-02,2024-12-08,Completed,100,28563852
PH-PRJ-074-03,PRJ-074,Piling,2024-12-08,2025-01-20,2024-12-08,2025-01-20,Completed,100,34276623
PH-PRJ-074-04,PRJ-074,Substructure,2025-01-20,2025-03-15,2025-01-20,2025-03-15,Completed,100,42845778
PH-PRJ-074-05,PRJ-074,Superstructure,2025-03-15,2025-06-13,2025-03-15,2025-06-13,Completed,100,71409631
PH-PRJ-074-06,PRJ-074,MEP Rough-In,2025-06-13,2025-07-19,2025-06-13,2025-07-19,Completed,100,28563852
PH-PRJ-074-07,PRJ-074,Facade,2025-07-19,2025-08-16,2025-07-19,2025-08-16,Completed,100,22851082
PH-PRJ-074-08,PRJ-074,Finishes,2025-08-16,2025-09-21,2025-08-16,2025-09-21,Completed,100,28563852
PH-PRJ-074-09,PRJ-074,Testing & Commissioning,2025-09-21,2025-10-01,2025-09-21,2025-10-01,Completed,100,8569155
PH-PRJ-074-10,PRJ-074,Handover,2025-10-01,2025-10-08,2025-10-01,2025-10-08,Completed,100,5712770
PH-PRJ-075-01,PRJ-075,Enabling Works,2021-08-07,2021-09-07,2021-08-07,2021-09-07,Completed,100,22781984
PH-PRJ-075-02,PRJ-075,Excavation & Shoring,2021-09-07,2021-11-09,2021-09-07,2021-11-09,Completed,100,45563968
PH-PRJ-075-03,PRJ-075,Piling,2021-11-09,2022-01-23,2021-11-09,2022-01-23,Completed,100,54676761
PH-PRJ-075-04,PRJ-075,Substructure,2022-01-23,2022-04-27,2022-01-23,2022-04-27,Completed,100,68345952
PH-PRJ-075-05,PRJ-075,Superstructure,2022-04-27,2022-10-01,2022-04-27,2022-10-01,Completed,100,113909920
PH-PRJ-075-06,PRJ-075,MEP Rough-In,2022-10-01,2022-12-03,2022-10-01,2022-12-03,Completed,100,45563968
PH-PRJ-075-07,PRJ-075,Facade,2022-12-03,2023-01-22,2022-12-03,2023-01-22,Completed,100,36451174
PH-PRJ-075-08,PRJ-075,Finishes,2023-01-22,2023-03-26,2023-01-22,2023-03-26,Completed,100,45563968
PH-PRJ-075-09,PRJ-075,Testing & Commissioning,2023-03-26,2023-04-13,2023-03-26,2023-04-13,Completed,100,13669190
PH-PRJ-075-10,PRJ-075,Handover,2023-04-13,2023-04-25,2023-04-13,2023-04-25,Completed,100,9112793
PH-PRJ-076-01,PRJ-076,Enabling Works,2024-03-09,2024-04-17,2024-03-09,2024-04-17,Completed,100,20178990
PH-PRJ-076-02,PRJ-076,Excavation & Shoring,2024-04-17,2024-07-04,2024-04-17,2024-07-04,Completed,100,40357980
PH-PRJ-076-03,PRJ-076,Piling,2024-07-04,2024-10-05,2024-07-04,2024-10-05,Completed,100,48429576
PH-PRJ-076-04,PRJ-076,Substructure,2024-10-05,2025-01-30,2024-10-05,2025-01-30,Completed,100,60536970
PH-PRJ-076-05,PRJ-076,Superstructure,2025-01-30,2025-08-13,2025-01-30,2025-08-13,Completed,100,100894950
PH-PRJ-076-06,PRJ-076,MEP Rough-In,2025-08-13,2025-10-30,2025-08-13,2025-10-30,Completed,100,40357980
PH-PRJ-076-07,PRJ-076,Facade,2025-10-30,2025-12-31,2025-10-30,2025-12-31,Completed,100,32286384
PH-PRJ-076-08,PRJ-076,Finishes,2025-12-31,2026-03-19,2025-12-31,,In Progress,33,40357980
PH-PRJ-076-09,PRJ-076,Testing & Commissioning,2026-03-19,2026-04-11,,,Not Started,0,12107394
PH-PRJ-076-10,PRJ-076,Handover,2026-04-11,2026-04-26,,,Not Started,0,8071596
PH-PRJ-077-01,PRJ-077,Enabling Works,2024-08-11,2024-10-20,2024-08-11,2024-10-20,Completed,100,1694241
PH-PRJ-077-02,PRJ-077,Excavation & Shoring,2024-10-20,2025-03-10,2024-10-20,2025-03-10,Completed,100,3388483
PH-PRJ-077-03,PRJ-077,Piling,2025-03-10,2025-08-26,2025-03-10,2025-08-26,Completed,100,4066179
PH-PRJ-077-04,PRJ-077,Substructure,2025-08-26,2026-03-25,2025-08-26,,In Progress,75,5082724
PH-PRJ-077-05,PRJ-077,Superstructure,2026-03-25,2027-03-12,,,Not Started,0,8471208
PH-PRJ-077-06,PRJ-077,MEP Rough-In,2027-03-12,2027-07-31,,,Not Started,0,3388483
PH-PRJ-077-07,PRJ-077,Facade,2027-07-31,2027-11-20,,,Not Started,0,2710786
PH-PRJ-077-08,PRJ-077,Finishes,2027-11-20,2028-04-09,,,Not Started,0,3388483
PH-PRJ-077-09,PRJ-077,Testing & Commissioning,2028-04-09,2028-05-21,,,Not Started,0,1016544
PH-PRJ-077-10,PRJ-077,Handover,2028-05-21,2028-06-18,,,Not Started,0,677696
PH-PRJ-078-01,PRJ-078,Enabling Works,2022-08-18,2022-09-23,2022-08-18,2022-09-23,Completed,100,8146773
PH-PRJ-078-02,PRJ-078,Excavation & Shoring,2022-09-23,2022-12-04,2022-09-23,2022-12-04,Completed,100,16293546
PH-PRJ-078-03,PRJ-078,Piling,2022-12-04,2023-02-28,2022-12-04,2023-02-28,Completed,100,19552255
PH-PRJ-078-04,PRJ-078,Substructure,2023-02-28,2023-06-16,2023-02-28,2023-06-16,Completed,100,24440319
PH-PRJ-078-05,PRJ-078,Superstructure,2023-06-16,2023-12-13,2023-06-16,2023-12-13,Completed,100,40733865
PH-PRJ-078-06,PRJ-078,MEP Rough-In,2023-12-13,2024-02-23,2023-12-13,2024-02-23,Completed,100,16293546
PH-PRJ-078-07,PRJ-078,Facade,2024-02-23,2024-04-20,2024-02-23,2024-04-20,Completed,100,13034836
PH-PRJ-078-08,PRJ-078,Finishes,2024-04-20,2024-07-01,2024-04-20,2024-07-01,Completed,100,16293546
PH-PRJ-078-09,PRJ-078,Testing & Commissioning,2024-07-01,2024-07-22,2024-07-01,2024-07-22,Completed,100,4888063
PH-PRJ-078-10,PRJ-078,Handover,2024-07-22,2024-08-05,2024-07-22,2024-08-05,Completed,100,3258709
PH-PRJ-079-01,PRJ-079,Enabling Works,2021-06-29,2021-08-11,2021-06-29,2021-08-11,Completed,100,15191080
PH-PRJ-079-02,PRJ-079,Excavation & Shoring,2021-08-11,2021-11-06,2021-08-11,2021-11-06,Completed,100,30382161
PH-PRJ-079-03,PRJ-079,Piling,2021-11-06,2022-02-18,2021-11-06,2022-02-18,Completed,100,36458593
PH-PRJ-079-04,PRJ-079,Substructure,2022-02-18,2022-06-28,2022-02-18,2022-06-28,Completed,100,45573241
PH-PRJ-079-05,PRJ-079,Superstructure,2022-06-28,2023-01-31,2022-06-28,2023-01-31,Completed,100,75955402
PH-PRJ-079-06,PRJ-079,MEP Rough-In,2023-01-31,2023-04-28,2023-01-31,2023-04-28,Completed,100,30382161
PH-PRJ-079-07,PRJ-079,Facade,2023-04-28,2023-07-06,2023-04-28,2023-07-06,Completed,100,24305728
PH-PRJ-079-08,PRJ-079,Finishes,2023-07-06,2023-10-01,2023-07-06,2023-10-01,Completed,100,30382161
PH-PRJ-079-09,PRJ-079,Testing & Commissioning,2023-10-01,2023-10-27,2023-10-01,2023-10-27,Completed,100,9114648
PH-PRJ-079-10,PRJ-079,Handover,2023-10-27,2023-11-13,2023-10-27,2023-11-13,Completed,100,6076432
PH-PRJ-080-01,PRJ-080,Enabling Works,2024-03-03,2024-04-20,2024-03-03,2024-04-20,Completed,100,16272384
PH-PRJ-080-02,PRJ-080,Excavation & Shoring,2024-04-20,2024-07-25,2024-04-20,2024-07-25,Completed,100,32544769
PH-PRJ-080-03,PRJ-080,Piling,2024-07-25,2024-11-17,2024-07-25,2024-11-17,Completed,100,39053722
PH-PRJ-080-04,PRJ-080,Substructure,2024-11-17,2025-04-10,2024-11-17,2025-04-10,Completed,100,48817153
PH-PRJ-080-05,PRJ-080,Superstructure,2025-04-10,2025-12-06,2025-04-10,2025-12-06,Completed,100,81361922
PH-PRJ-080-06,PRJ-080,MEP Rough-In,2025-12-06,2026-03-12,2025-12-06,,In Progress,73,32544769
PH-PRJ-080-07,PRJ-080,Facade,2026-03-12,2026-05-27,,,Not Started,0,26035815
PH-PRJ-080-08,PRJ-080,Finishes,2026-05-27,2026-08-31,,,Not Started,0,32544769
PH-PRJ-080-09,PRJ-080,Testing & Commissioning,2026-08-31,2026-09-28,,,Not Started,0,9763430
PH-PRJ-080-10,PRJ-080,Handover,2026-09-28,2026-10-17,,,Not Started,0,6508953
PH-PRJ-081-01,PRJ-081,Enabling Works,2020-04-27,2020-05-31,2020-04-27,2020-05-31,Completed,100,14224918
PH-PRJ-081-02,PRJ-081,Excavation & Shoring,2020-05-31,2020-08-08,2020-05-31,2020-08-08,Completed,100,28449837
PH-PRJ-081-03,PRJ-081,Piling,2020-08-08,2020-10-29,2020-08-08,2020-10-29,Completed,100,34139804
PH-PRJ-081-04,PRJ-081,Substructure,2020-10-29,2021-02-09,2020-10-29,2021-02-09,Completed,100,42674755
PH-PRJ-081-05,PRJ-081,Superstructure,2021-02-09,2021-07-31,2021-02-09,2021-07-31,Completed,100,71124593
PH-PRJ-081-06,PRJ-081,MEP Rough-In,2021-07-31,2021-10-08,2021-07-31,2021-10-08,Completed,100,28449837
PH-PRJ-081-07,PRJ-081,Facade,2021-10-08,2021-12-02,2021-10-08,2021-12-02,Completed,100,22759869
PH-PRJ-081-08,PRJ-081,Finishes,2021-12-02,2022-02-09,2021-12-02,2022-02-09,Completed,100,28449837
PH-PRJ-081-09,PRJ-081,Testing & Commissioning,2022-02-09,2022-03-01,2022-02-09,2022-03-01,Completed,100,8534951
PH-PRJ-081-10,PRJ-081,Handover,2022-03-01,2022-03-14,2022-03-01,2022-03-14,Completed,100,5689967
PH-PRJ-082-01,PRJ-082,Enabling Works,2020-10-07,2020-11-25,2020-10-07,2020-11-25,Completed,100,9136999
PH-PRJ-082-02,PRJ-082,Excavation & Shoring,2020-11-25,2021-03-04,2020-11-25,2021-03-04,Completed,100,18273999
PH-PRJ-082-03,PRJ-082,Piling,2021-03-04,2021-06-30,2021-03-04,2021-06-30,Completed,100,21928799
PH-PRJ-082-04,PRJ-082,Substructure,2021-06-30,2021-11-25,2021-06-30,2021-11-25,Completed,100,27410998
PH-PRJ-082-05,PRJ-082,Superstructure,2021-11-25,2022-07-30,2021-11-25,2022-07-30,Completed,100,45684998
PH-PRJ-082-06,PRJ-082,MEP Rough-In,2022-07-30,2022-11-06,2022-07-30,2022-11-06,Completed,100,18273999
PH-PRJ-082-07,PRJ-082,Facade,2022-11-06,2023-01-24,2022-11-06,2023-01-24,Completed,100,14619199
PH-PRJ-082-08,PRJ-082,Finishes,2023-01-24,2023-05-03,2023-01-24,2023-05-03,Completed,100,18273999
PH-PRJ-082-09,PRJ-082,Testing & Commissioning,2023-05-03,2023-06-01,2023-05-03,2023-06-01,Completed,100,5482199
PH-PRJ-082-10,PRJ-082,Handover,2023-06-01,2023-06-20,2023-06-01,2023-06-20,Completed,100,3654799
PH-PRJ-083-01,PRJ-083,Enabling Works,2020-06-23,2020-08-22,2020-06-23,2020-08-22,Completed,100,6701789
PH-PRJ-083-02,PRJ-083,Excavation & Shoring,2020-08-22,2020-12-20,2020-08-22,2020-12-20,Completed,100,13403578
PH-PRJ-083-03,PRJ-083,Piling,2020-12-20,2021-05-13,2020-12-20,2021-05-13,Completed,100,16084293
PH-PRJ-083-04,PRJ-083,Substructure,2021-05-13,2021-11-09,2021-05-13,2021-11-09,Completed,100,20105367
PH-PRJ-083-05,PRJ-083,Superstructure,2021-11-09,2022-09-05,2021-11-09,2022-09-05,Completed,100,33508945
PH-PRJ-083-06,PRJ-083,MEP Rough-In,2022-09-05,2023-01-03,2022-09-05,2023-01-03,Completed,100,13403578
PH-PRJ-083-07,PRJ-083,Facade,2023-01-03,2023-04-09,2023-01-03,2023-04-09,Completed,100,10722862
PH-PRJ-083-08,PRJ-083,Finishes,2023-04-09,2023-08-07,2023-04-09,2023-08-07,Completed,100,13403578
PH-PRJ-083-09,PRJ-083,Testing & Commissioning,2023-08-07,2023-09-12,2023-08-07,2023-09-12,Completed,100,4021073
PH-PRJ-083-10,PRJ-083,Handover,2023-09-12,2023-10-06,2023-09-12,2023-10-06,Completed,100,2680715
PH-PRJ-084-01,PRJ-084,Enabling Works,2021-12-23,2022-02-06,2021-12-23,2022-02-06,Completed,100,913189
PH-PRJ-084-02,PRJ-084,Excavation & Shoring,2022-02-06,2022-05-07,2022-02-06,2022-05-07,Completed,100,1826378
PH-PRJ-084-03,PRJ-084,Piling,2022-05-07,2022-08-23,2022-05-07,2022-08-23,Completed,100,2191654
PH-PRJ-084-04,PRJ-084,Substructure,2022-08-23,2023-01-05,2022-08-23,2023-01-05,Completed,100,2739567
PH-PRJ-084-05,PRJ-084,Superstructure,2023-01-05,2023-08-18,2023-01-05,2023-08-18,Completed,100,4565946
PH-PRJ-084-06,PRJ-084,MEP Rough-In,2023-08-18,2023-11-16,2023-08-18,2023-11-16,Completed,100,1826378
PH-PRJ-084-07,PRJ-084,Facade,2023-11-16,2024-01-27,2023-11-16,2024-01-27,Completed,100,1461102
PH-PRJ-084-08,PRJ-084,Finishes,2024-01-27,2024-04-26,2024-01-27,2024-04-26,Completed,100,1826378
PH-PRJ-084-09,PRJ-084,Testing & Commissioning,2024-04-26,2024-05-23,2024-04-26,2024-05-23,Completed,100,547913
PH-PRJ-084-10,PRJ-084,Handover,2024-05-23,2024-06-10,2024-05-23,2024-06-10,Completed,100,365275
PH-PRJ-085-01,PRJ-085,Enabling Works,2025-02-12,2025-04-01,2025-02-12,2025-04-01,Completed,100,14044755
PH-PRJ-085-02,PRJ-085,Excavation & Shoring,2025-04-01,2025-07-06,2025-04-01,2025-07-06,Completed,100,28089511
PH-PRJ-085-03,PRJ-085,Piling,2025-07-06,2025-10-29,2025-07-06,2025-10-29,Completed,100,33707413
PH-PRJ-085-04,PRJ-085,Substructure,2025-10-29,2026-03-22,2025-10-29,,In Progress,83,42134267
PH-PRJ-085-05,PRJ-085,Superstructure,2026-03-22,2026-11-17,,,Not Started,0,70223779
PH-PRJ-085-06,PRJ-085,MEP Rough-In,2026-11-17,2027-02-21,,,Not Started,0,28089511
PH-PRJ-085-07,PRJ-085,Facade,2027-02-21,2027-05-08,,,Not Started,0,22471609
PH-PRJ-085-08,PRJ-085,Finishes,2027-05-08,2027-08-12,,,Not Started,0,28089511
PH-PRJ-085-09,PRJ-085,Testing & Commissioning,2027-08-12,2027-09-09,,,Not Started,0,8426853
PH-PRJ-085-10,PRJ-085,Handover,2027-09-09,2027-09-28,,,Not Started,0,5617902
PH-PRJ-086-01,PRJ-086,Enabling Works,2021-11-10,2021-12-07,2021-11-10,2021-12-07,Completed,100,5768484
PH-PRJ-086-02,PRJ-086,Excavation & Shoring,2021-12-07,2022-01-30,2021-12-07,2022-01-30,Completed,100,11536969
PH-PRJ-086-03,PRJ-086,Piling,2022-01-30,2022-04-04,2022-01-30,2022-04-04,Completed,100,13844362
PH-PRJ-086-04,PRJ-086,Substructure,2022-04-04,2022-06-24,2022-04-04,2022-06-24,Completed,100,17305453
PH-PRJ-086-05,PRJ-086,Superstructure,2022-06-24,2022-11-06,2022-06-24,2022-11-06,Completed,100,28842422
PH-PRJ-086-06,PRJ-086,MEP Rough-In,2022-11-06,2022-12-30,2022-11-06,2022-12-30,Completed,100,11536969
PH-PRJ-086-07,PRJ-086,Facade,2022-12-30,2023-02-11,2022-12-30,2023-02-11,Completed,100,9229575
PH-PRJ-086-08,PRJ-086,Finishes,2023-02-11,2023-04-06,2023-02-11,2023-04-06,Completed,100,11536969
PH-PRJ-086-09,PRJ-086,Testing & Commissioning,2023-04-06,2023-04-22,2023-04-06,2023-04-22,Completed,100,3461090
PH-PRJ-086-10,PRJ-086,Handover,2023-04-22,2023-05-02,2023-04-22,2023-05-02,Completed,100,2307393
PH-PRJ-087-01,PRJ-087,Enabling Works,2020-03-02,2020-03-23,2020-03-02,2020-03-23,Completed,100,2599371
PH-PRJ-087-02,PRJ-087,Excavation & Shoring,2020-03-23,2020-05-04,2020-03-23,2020-05-04,Completed,100,5198742
PH-PRJ-087-03,PRJ-087,Piling,2020-05-04,2020-06-23,2020-05-04,2020-06-23,Completed,100,6238491
PH-PRJ-087-04,PRJ-087,Substructure,2020-06-23,2020-08-25,2020-06-23,2020-08-25,Completed,100,7798114
PH-PRJ-087-05,PRJ-087,Superstructure,2020-08-25,2020-12-08,2020-08-25,2020-12-08,Completed,100,12996856
PH-PRJ-087-06,PRJ-087,MEP Rough-In,2020-12-08,2021-01-19,2020-12-08,2021-01-19,Completed,100,5198742
PH-PRJ-087-07,PRJ-087,Facade,2021-01-19,2021-02-21,2021-01-19,2021-02-21,Completed,100,4158994
PH-PRJ-087-08,PRJ-087,Finishes,2021-02-21,2021-04-04,2021-02-21,2021-04-04,Completed,100,5198742
PH-PRJ-087-09,PRJ-087,Testing & Commissioning,2021-04-04,2021-04-16,2021-04-04,2021-04-16,Completed,100,1559622
PH-PRJ-087-10,PRJ-087,Handover,2021-04-16,2021-04-24,2021-04-16,2021-04-24,Completed,100,1039748
PH-PRJ-088-01,PRJ-088,Enabling Works,2024-06-23,2024-08-17,2024-06-23,2024-08-17,Completed,100,11873927
PH-PRJ-088-02,PRJ-088,Excavation & Shoring,2024-08-17,2024-12-06,2024-08-17,2024-12-06,Completed,100,23747854
PH-PRJ-088-03,PRJ-088,Piling,2024-12-06,2025-04-18,2024-12-06,2025-04-18,Completed,100,28497425
PH-PRJ-088-04,PRJ-088,Substructure,2025-04-18,2025-10-01,2025-04-18,2025-10-01,Completed,100,35621781
PH-PRJ-088-05,PRJ-088,Superstructure,2025-10-01,2026-07-05,2025-10-01,,In Progress,90,59369636
PH-PRJ-088-06,PRJ-088,MEP Rough-In,2026-07-05,2026-10-24,,,Not Started,0,23747854
PH-PRJ-088-07,PRJ-088,Facade,2026-10-24,2027-01-20,,,Not Started,0,18998283
PH-PRJ-088-08,PRJ-088,Finishes,2027-01-20,2027-05-11,,,Not Started,0,23747854
PH-PRJ-088-09,PRJ-088,Testing & Commissioning,2027-05-11,2027-06-13,,,Not Started,0,7124356
PH-PRJ-088-10,PRJ-088,Handover,2027-06-13,2027-07-05,,,Not Started,0,4749570
PH-PRJ-089-01,PRJ-089,Enabling Works,2024-01-25,2024-03-16,2024-01-25,2024-03-16,Completed,100,13747926
PH-PRJ-089-02,PRJ-089,Excavation & Shoring,2024-03-16,2024-06-26,2024-03-16,2024-06-26,Completed,100,27495853
PH-PRJ-089-03,PRJ-089,Piling,2024-06-26,2024-10-26,2024-06-26,2024-10-26,Completed,100,32995024
PH-PRJ-089-04,PRJ-089,Substructure,2024-10-26,2025-03-28,2024-10-26,2025-03-28,Completed,100,41243780
PH-PRJ-089-05,PRJ-089,Superstructure,2025-03-28,2025-12-08,2025-03-28,2025-12-08,Completed,100,68739633
PH-PRJ-089-06,PRJ-089,MEP Rough-In,2025-12-08,2026-03-20,2025-12-08,,In Progress,57,27495853
PH-PRJ-089-07,PRJ-089,Facade,2026-03-20,2026-06-09,,,Not Started,0,21996682
PH-PRJ-089-08,PRJ-089,Finishes,2026-06-09,2026-09-19,,,Not Started,0,27495853
PH-PRJ-089-09,PRJ-089,Testing & Commissioning,2026-09-19,2026-10-19,,,Not Started,0,8248756
PH-PRJ-089-10,PRJ-089,Handover,2026-10-19,2026-11-08,,,Not Started,0,5499170
PH-PRJ-090-01,PRJ-090,Enabling Works,2020-01-03,2020-03-12,2020-01-03,2020-03-12,Completed,100,6151975
PH-PRJ-090-02,PRJ-090,Excavation & Shoring,2020-03-12,2020-07-28,2020-03-12,2020-07-28,Completed,100,12303951
PH-PRJ-090-03,PRJ-090,Piling,2020-07-28,2021-01-09,2020-07-28,2021-01-09,Completed,100,14764741
PH-PRJ-090-04,PRJ-090,Substructure,2021-01-09,2021-08-04,2021-01-09,2021-08-04,Completed,100,18455926
PH-PRJ-090-05,PRJ-090,Superstructure,2021-08-04,2022-07-15,2021-08-04,2022-07-15,Completed,100,30759878
PH-PRJ-090-06,PRJ-090,MEP Rough-In,2022-07-15,2022-11-30,2022-07-15,2022-11-30,Completed,100,12303951
PH-PRJ-090-07,PRJ-090,Facade,2022-11-30,2023-03-20,2022-11-30,2023-03-20,Completed,100,9843161
PH-PRJ-090-08,PRJ-090,Finishes,2023-03-20,2023-08-05,2023-03-20,2023-08-05,Completed,100,12303951
PH-PRJ-090-09,PRJ-090,Testing & Commissioning,2023-08-05,2023-09-15,2023-08-05,2023-09-15,Completed,100,3691185
PH-PRJ-090-10,PRJ-090,Handover,2023-09-15,2023-10-12,2023-09-15,2023-10-12,Completed,100,2460790
PH-PRJ-091-01,PRJ-091,Enabling Works,2022-10-27,2023-01-05,2022-10-27,2023-01-05,Completed,100,4044975
PH-PRJ-091-02,PRJ-091,Excavation & Shoring,2023-01-05,2023-05-26,2023-01-05,2023-05-26,Completed,100,8089951
PH-PRJ-091-03,PRJ-091,Piling,2023-05-26,2023-11-11,2023-05-26,2023-11-11,Completed,100,9707942
PH-PRJ-091-04,PRJ-091,Substructure,2023-11-11,2024-06-09,2023-11-11,2024-06-09,Completed,100,12134927
PH-PRJ-091-05,PRJ-091,Superstructure,2024-06-09,2025-05-27,2024-06-09,2025-05-27,Completed,100,20224879
PH-PRJ-091-06,PRJ-091,MEP Rough-In,2025-05-27,2025-10-15,2025-05-27,2025-10-15,Completed,100,8089951
PH-PRJ-091-07,PRJ-091,Facade,2025-10-15,2026-02-04,2025-10-15,2026-02-04,Completed,100,6471961
PH-PRJ-091-08,PRJ-091,Finishes,2026-02-04,2026-06-25,2026-02-04,,In Progress,24,8089951
PH-PRJ-091-09,PRJ-091,Testing & Commissioning,2026-06-25,2026-08-06,,,Not Started,0,2426985
PH-PRJ-091-10,PRJ-091,Handover,2026-08-06,2026-09-03,,,Not Started,0,1617990
PH-PRJ-092-01,PRJ-092,Enabling Works,2025-03-23,2025-05-28,2025-03-23,2025-05-28,Completed,100,4074000
PH-PRJ-092-02,PRJ-092,Excavation & Shoring,2025-05-28,2025-10-07,2025-05-28,2025-10-07,Completed,100,8148000
PH-PRJ-092-03,PRJ-092,Piling,2025-10-07,2026-03-14,2025-10-07,,In Progress,82,9777600
PH-PRJ-092-04,PRJ-092,Substructure,2026-03-14,2026-09-28,,,Not Started,0,12222001
PH-PRJ-092-05,PRJ-092,Superstructure,2026-09-28,2027-08-24,,,Not Started,0,20370002
PH-PRJ-092-06,PRJ-092,MEP Rough-In,2027-08-24,2028-01-03,,,Not Started,0,8148000
PH-PRJ-092-07,PRJ-092,Facade,2028-01-03,2028-04-17,,,Not Started,0,6518400
PH-PRJ-092-08,PRJ-092,Finishes,2028-04-17,2028-08-27,,,Not Started,0,8148000
PH-PRJ-092-09,PRJ-092,Testing & Commissioning,2028-08-27,2028-10-05,,,Not Started,0,2444400
PH-PRJ-092-10,PRJ-092,Handover,2028-10-05,2028-10-31,,,Not Started,0,1629600
PH-PRJ-093-01,PRJ-093,Enabling Works,2021-09-17,2021-10-11,2021-09-17,2021-10-11,Completed,100,8052148
PH-PRJ-093-02,PRJ-093,Excavation & Shoring,2021-10-11,2021-11-28,2021-10-11,2021-11-28,Completed,100,16104296
PH-PRJ-093-03,PRJ-093,Piling,2021-11-28,2022-01-24,2021-11-28,2022-01-24,Completed,100,19325155
PH-PRJ-093-04,PRJ-093,Substructure,2022-01-24,2022-04-06,2022-01-24,2022-04-06,Completed,100,24156444
PH-PRJ-093-05,PRJ-093,Superstructure,2022-04-06,2022-08-04,2022-04-06,2022-08-04,Completed,100,40260740
PH-PRJ-093-06,PRJ-093,MEP Rough-In,2022-08-04,2022-09-21,2022-08-04,2022-09-21,Completed,100,16104296
PH-PRJ-093-07,PRJ-093,Facade,2022-09-21,2022-10-29,2022-09-21,2022-10-29,Completed,100,12883437
PH-PRJ-093-08,PRJ-093,Finishes,2022-10-29,2022-12-16,2022-10-29,2022-12-16,Completed,100,16104296
PH-PRJ-093-09,PRJ-093,Testing & Commissioning,2022-12-16,2022-12-30,2022-12-16,2022-12-30,Completed,100,4831288
PH-PRJ-093-10,PRJ-093,Handover,2022-12-30,2023-01-08,2022-12-30,2023-01-08,Completed,100,3220859
PH-PRJ-094-01,PRJ-094,Enabling Works,2021-02-09,2021-03-08,2021-02-09,2021-03-08,Completed,100,7904091
PH-PRJ-094-02,PRJ-094,Excavation & Shoring,2021-03-08,2021-05-01,2021-03-08,2021-05-01,Completed,100,15808183
PH-PRJ-094-03,PRJ-094,Piling,2021-05-01,2021-07-04,2021-05-01,2021-07-04,Completed,100,18969820
PH-PRJ-094-04,PRJ-094,Substructure,2021-07-04,2021-09-23,2021-07-04,2021-09-23,Completed,100,23712275
PH-PRJ-094-05,PRJ-094,Superstructure,2021-09-23,2022-02-05,2021-09-23,2022-02-05,Completed,100,39520459
PH-PRJ-094-06,PRJ-094,MEP Rough-In,2022-02-05,2022-03-31,2022-02-05,2022-03-31,Completed,100,15808183
PH-PRJ-094-07,PRJ-094,Facade,2022-03-31,2022-05-13,2022-03-31,2022-05-13,Completed,100,12646546
PH-PRJ-094-08,PRJ-094,Finishes,2022-05-13,2022-07-06,2022-05-13,2022-07-06,Completed,100,15808183
PH-PRJ-094-09,PRJ-094,Testing & Commissioning,2022-07-06,2022-07-22,2022-07-06,2022-07-22,Completed,100,4742455
PH-PRJ-094-10,PRJ-094,Handover,2022-07-22,2022-08-01,2022-07-22,2022-08-01,Completed,100,3161636
PH-PRJ-095-01,PRJ-095,Enabling Works,2022-11-24,2022-12-25,2022-11-24,2022-12-25,Completed,100,15431421
PH-PRJ-095-02,PRJ-095,Excavation & Shoring,2022-12-25,2023-02-26,2022-12-25,2023-02-26,Completed,100,30862842
PH-PRJ-095-03,PRJ-095,Piling,2023-02-26,2023-05-12,2023-02-26,2023-05-12,Completed,100,37035410
PH-PRJ-095-04,PRJ-095,Substructure,2023-05-12,2023-08-14,2023-05-12,2023-08-14,Completed,100,46294263
PH-PRJ-095-05,PRJ-095,Superstructure,2023-08-14,2024-01-18,2023-08-14,2024-01-18,Completed,100,77157105
PH-PRJ-095-06,PRJ-095,MEP Rough-In,2024-01-18,2024-03-21,2024-01-18,2024-03-21,Completed,100,30862842
PH-PRJ-095-07,PRJ-095,Facade,2024-03-21,2024-05-10,2024-03-21,2024-05-10,Completed,100,24690273
PH-PRJ-095-08,PRJ-095,Finishes,2024-05-10,2024-07-12,2024-05-10,2024-07-12,Completed,100,30862842
PH-PRJ-095-09,PRJ-095,Testing & Commissioning,2024-07-12,2024-07-30,2024-07-12,2024-07-30,Completed,100,9258852
PH-PRJ-095-10,PRJ-095,Handover,2024-07-30,2024-08-11,2024-07-30,2024-08-11,Completed,100,6172568
PH-PRJ-096-01,PRJ-096,Enabling Works,2021-07-05,2021-08-04,2021-07-05,2021-08-04,Completed,100,18492341
PH-PRJ-096-02,PRJ-096,Excavation & Shoring,2021-08-04,2021-10-03,2021-08-04,2021-10-03,Completed,100,36984682
PH-PRJ-096-03,PRJ-096,Piling,2021-10-03,2021-12-14,2021-10-03,2021-12-14,Completed,100,44381619
PH-PRJ-096-04,PRJ-096,Substructure,2021-12-14,2022-03-14,2021-12-14,2022-03-14,Completed,100,55477024
PH-PRJ-096-05,PRJ-096,Superstructure,2022-03-14,2022-08-11,2022-03-14,2022-08-11,Completed,100,92461707
PH-PRJ-096-06,PRJ-096,MEP Rough-In,2022-08-11,2022-10-10,2022-08-11,2022-10-10,Completed,100,36984682
PH-PRJ-096-07,PRJ-096,Facade,2022-10-10,2022-11-27,2022-10-10,2022-11-27,Completed,100,29587746
PH-PRJ-096-08,PRJ-096,Finishes,2022-11-27,2023-01-26,2022-11-27,2023-01-26,Completed,100,36984682
PH-PRJ-096-09,PRJ-096,Testing & Commissioning,2023-01-26,2023-02-13,2023-01-26,2023-02-13,Completed,100,11095404
PH-PRJ-096-10,PRJ-096,Handover,2023-02-13,2023-02-25,2023-02-13,2023-02-25,Completed,100,7396936
PH-PRJ-097-01,PRJ-097,Enabling Works,2022-10-02,2022-10-27,2022-10-02,2022-10-27,Completed,100,22846708
PH-PRJ-097-02,PRJ-097,Excavation & Shoring,2022-10-27,2022-12-17,2022-10-27,2022-12-17,Completed,100,45693417
PH-PRJ-097-03,PRJ-097,Piling,2022-12-17,2023-02-16,2022-12-17,2023-02-16,Completed,100,54832100
PH-PRJ-097-04,PRJ-097,Substructure,2023-02-16,2023-05-03,2023-02-16,2023-05-03,Completed,100,68540125
PH-PRJ-097-05,PRJ-097,Superstructure,2023-05-03,2023-09-07,2023-05-03,2023-09-07,Completed,100,114233543
PH-PRJ-097-06,PRJ-097,MEP Rough-In,2023-09-07,2023-10-28,2023-09-07,2023-10-28,Completed,100,45693417
PH-PRJ-097-07,PRJ-097,Facade,2023-10-28,2023-12-07,2023-10-28,2023-12-07,Completed,100,36554733
PH-PRJ-097-08,PRJ-097,Finishes,2023-12-07,2024-01-27,2023-12-07,2024-01-27,Completed,100,45693417
PH-PRJ-097-09,PRJ-097,Testing & Commissioning,2024-01-27,2024-02-11,2024-01-27,2024-02-11,Completed,100,13708025
PH-PRJ-097-10,PRJ-097,Handover,2024-02-11,2024-02-21,2024-02-11,2024-02-21,Completed,100,9138683
PH-PRJ-098-01,PRJ-098,Enabling Works,2020-07-04,2020-07-23,2020-07-04,2020-07-23,Completed,100,22064203
PH-PRJ-098-02,PRJ-098,Excavation & Shoring,2020-07-23,2020-08-31,2020-07-23,2020-08-31,Completed,100,44128406
PH-PRJ-098-03,PRJ-098,Piling,2020-08-31,2020-10-16,2020-08-31,2020-10-16,Completed,100,52954087
PH-PRJ-098-04,PRJ-098,Substructure,2020-10-16,2020-12-13,2020-10-16,2020-12-13,Completed,100,66192609
PH-PRJ-098-05,PRJ-098,Superstructure,2020-12-13,2021-03-20,2020-12-13,2021-03-20,Completed,100,110321016
PH-PRJ-098-06,PRJ-098,MEP Rough-In,2021-03-20,2021-04-28,2021-03-20,2021-04-28,Completed,100,44128406
PH-PRJ-098-07,PRJ-098,Facade,2021-04-28,2021-05-29,2021-04-28,2021-05-29,Completed,100,35302725
PH-PRJ-098-08,PRJ-098,Finishes,2021-05-29,2021-07-07,2021-05-29,2021-07-07,Completed,100,44128406
PH-PRJ-098-09,PRJ-098,Testing & Commissioning,2021-07-07,2021-07-18,2021-07-07,2021-07-18,Completed,100,13238521
PH-PRJ-098-10,PRJ-098,Handover,2021-07-18,2021-07-25,2021-07-18,2021-07-25,Completed,100,8825681
PH-PRJ-099-01,PRJ-099,Enabling Works,2020-03-09,2020-04-30,2020-03-09,2020-04-30,Completed,100,10786047
PH-PRJ-099-02,PRJ-099,Excavation & Shoring,2020-04-30,2020-08-13,2020-04-30,2020-08-13,Completed,100,21572094
PH-PRJ-099-03,PRJ-099,Piling,2020-08-13,2020-12-17,2020-08-13,2020-12-17,Completed,100,25886513
PH-PRJ-099-04,PRJ-099,Substructure,2020-12-17,2021-05-23,2020-12-17,2021-05-23,Completed,100,32358141
PH-PRJ-099-05,PRJ-099,Superstructure,2021-05-23,2022-02-09,2021-05-23,2022-02-09,Completed,100,53930236
PH-PRJ-099-06,PRJ-099,MEP Rough-In,2022-02-09,2022-05-25,2022-02-09,2022-05-25,Completed,100,21572094
PH-PRJ-099-07,PRJ-099,Facade,2022-05-25,2022-08-17,2022-05-25,2022-08-17,Completed,100,17257675
PH-PRJ-099-08,PRJ-099,Finishes,2022-08-17,2022-11-30,2022-08-17,2022-11-30,Completed,100,21572094
PH-PRJ-099-09,PRJ-099,Testing & Commissioning,2022-11-30,2022-12-31,2022-11-30,2022-12-31,Completed,100,6471628
PH-PRJ-099-10,PRJ-099,Handover,2022-12-31,2023-01-21,2022-12-31,2023-01-21,Completed,100,4314418
PH-PRJ-100-01,PRJ-100,Enabling Works,2021-04-03,2021-04-21,2021-04-03,2021-04-21,Completed,100,18038640
PH-PRJ-100-02,PRJ-100,Excavation & Shoring,2021-04-21,2021-05-27,2021-04-21,2021-05-27,Completed,100,36077280
PH-PRJ-100-03,PRJ-100,Piling,2021-05-27,2021-07-09,2021-05-27,2021-07-09,Completed,100,43292736
PH-PRJ-100-04,PRJ-100,Substructure,2021-07-09,2021-09-01,2021-07-09,2021-09-01,Completed,100,54115920
PH-PRJ-100-05,PRJ-100,Superstructure,2021-09-01,2021-11-30,2021-09-01,2021-11-30,Completed,100,90193201
PH-PRJ-100-06,PRJ-100,MEP Rough-In,2021-11-30,2022-01-05,2021-11-30,2022-01-05,Completed,100,36077280
PH-PRJ-100-07,PRJ-100,Facade,2022-01-05,2022-02-02,2022-01-05,2022-02-02,Completed,100,28861824
PH-PRJ-100-08,PRJ-100,Finishes,2022-02-02,2022-03-10,2022-02-02,2022-03-10,Completed,100,36077280
PH-PRJ-100-09,PRJ-100,Testing & Commissioning,2022-03-10,2022-03-20,2022-03-10,2022-03-20,Completed,100,10823184
PH-PRJ-100-10,PRJ-100,Handover,2022-03-20,2022-03-27,2022-03-20,2022-03-27,Completed,100,7215456
