package_id,project_id,item_description,unit,quantity,unit_rate_aed,total_amount_aed,executed_qty,executed_amount_aed
WP-00001,PRJ-001,Facade Cladding,SQM,1140,674,768360,1140,768360
WP-00002,PRJ-001,Plastering,SQM,6934,40,277360,6934,277360
WP-00003,PRJ-001,Tiling,SQM,2015,206,415090,2015,415090
WP-00004,PRJ-001,MEP First Fix,LS,5781,335051,1936929831,5781,1936929831
WP-00005,PRJ-001,Fire Fighting,LS,7247,55454,401875138,7247,401875138
WP-00006,PRJ-001,Painting,SQM,2743,24,65832,2743,65832
WP-00007,PRJ-001,Blockwork,SQM,3249,180,584820,3249,584820
WP-00008,PRJ-001,Reinforcement Steel,TON,5733,4397,25208001,5733,25208001
WP-00009,PRJ-001,Excavation,CUM,3902,114,444828,3902,444828
WP-00010,PRJ-001,Structural Concrete,CUM,3699,1100,4068900,3699,4068900
WP-00011,PRJ-001,MEP Second Fix,LS,5656,395673,2237926488,5656,2237926488
WP-00012,PRJ-001,HVAC Installation,LS,7775,168764,1312140100,7775,1312140100
WP-00013,PRJ-001,Lean Concrete,CUM,4906,585,2870010,4906,2870010
WP-00014,PRJ-001,Waterproofing,SQM,6495,66,428670,6495,428670
WP-00015,PRJ-002,Facade Cladding,SQM,8163,503,4105989,8163,4105989
WP-00016,PRJ-002,MEP Second Fix,LS,6915,338854,2343175410,6915,2343175410
WP-00017,PRJ-002,Fire Fighting,LS,5075,111530,566014750,5075,566014750
WP-00018,PRJ-002,Lean Concrete,CUM,3531,542,1913802,3531,1913802
WP-00019,PRJ-002,Tiling,SQM,870,84,73080,870,73080
WP-00020,PRJ-002,Reinforcement Steel,TON,5978,4034,24115252,5978,24115252
WP-00021,PRJ-002,Structural Concrete,CUM,5949,1146,6817554,5949,6817554
WP-00022,PRJ-002,Backfilling,CUM,2698,41,110618,2698,110618
WP-00023,PRJ-002,Blockwork,SQM,8348,124,1035152,8348,1035152
WP-00024,PRJ-002,Plastering,SQM,1143,35,40005,1143,40005
WP-00025,PRJ-002,Waterproofing,SQM,7155,47,336285,7155,336285
WP-00026,PRJ-002,Formwork,SQM,3814,95,362330,3814,362330
WP-00027,PRJ-002,MEP First Fix,LS,9307,217490,2024179430,9307,2024179430
WP-00028,PRJ-003,Plastering,SQM,1769,42,74298,1769,74298
WP-00029,PRJ-003,Formwork,SQM,787,144,113328,787,113328
WP-00030,PRJ-003,MEP Second Fix,LS,1827,167580,306168660,1827,306168660
WP-00031,PRJ-003,HVAC Installation,LS,2034,556586,1132095924,2034,1132095924
WP-00032,PRJ-003,Excavation,CUM,3465,96,332640,3465,332640
WP-00033,PRJ-003,Facade Cladding,SQM,2672,1145,3059440,2672,3059440
WP-00034,PRJ-003,Structural Concrete,CUM,4886,1162,5677532,4886,5677532
WP-00035,PRJ-003,Lean Concrete,CUM,7333,595,4363135,7333,4363135
WP-00036,PRJ-003,Backfilling,CUM,8388,61,511668,8388,511668
WP-00037,PRJ-003,Fire Fighting,LS,1726,90447,156111522,1726,156111522
WP-00038,PRJ-003,MEP First Fix,LS,6059,275430,1668830370,6059,1668830370
WP-00039,PRJ-003,Reinforcement Steel,TON,2357,3751,8841107,2357,8841107
WP-00040,PRJ-003,Tiling,SQM,3407,192,654144,3407,654144
WP-00041,PRJ-003,Waterproofing,SQM,6911,89,615079,6911,615079
WP-00042,PRJ-003,Painting,SQM,207,22,4554,207,4554
WP-00043,PRJ-004,Painting,SQM,3838,19,72922,3838,72922
WP-00044,PRJ-004,Structural Concrete,CUM,7125,1011,7203375,7125,7203375
WP-00045,PRJ-004,Plastering,SQM,6806,39,265434,6806,265434
WP-00046,PRJ-004,Lean Concrete,CUM,8556,574,4911144,8556,4911144
WP-00047,PRJ-004,Backfilling,CUM,6027,31,186837,6027,186837
WP-00048,PRJ-004,HVAC Installation,LS,7351,176328,1296187128,7351,1296187128
WP-00049,PRJ-004,Formwork,SQM,262,146,38252,262,38252
WP-00050,PRJ-004,Waterproofing,SQM,1240,45,55800,1240,55800
WP-00051,PRJ-004,Tiling,SQM,5642,160,902720,5642,902720
WP-00052,PRJ-004,Blockwork,SQM,6680,141,941880,6680,941880
WP-00053,PRJ-004,Fire Fighting,LS,7211,66113,476740843,7211,476740843
WP-00054,PRJ-004,MEP First Fix,LS,6543,498035,3258643005,6543,3258643005
WP-00055,PRJ-004,Facade Cladding,SQM,707,1076,760732,707,760732
WP-00056,PRJ-004,MEP Second Fix,LS,2573,381233,980912509,2573,980912509
WP-00057,PRJ-004,Reinforcement Steel,TON,1047,4793,5018271,1047,5018271
WP-00058,PRJ-005,Fire Fighting,LS,2506,155889,390657834,2506,390657834
WP-00059,PRJ-005,Waterproofing,SQM,7410,81,600210,7410,600210
WP-00060,PRJ-005,Painting,SQM,3460,32,110720,3460,110720
WP-00061,PRJ-005,MEP First Fix,LS,7344,465675,3419917200,7344,3419917200
WP-00062,PRJ-005,Plastering,SQM,5756,50,287800,5756,287800
WP-00063,PRJ-005,Structural Concrete,CUM,6727,1197,8052219,6727,8052219
WP-00064,PRJ-005,Formwork,SQM,3332,118,393176,3332,393176
WP-00065,PRJ-005,Tiling,SQM,1480,89,131720,1480,131720
WP-00066,PRJ-005,Excavation,CUM,8905,92,819260,8905,819260
WP-00067,PRJ-005,HVAC Installation,LS,6489,480160,3115758240,6489,3115758240
WP-00068,PRJ-005,Lean Concrete,CUM,2164,533,1153412,2164,1153412
WP-00069,PRJ-005,Facade Cladding,SQM,8960,690,6182400,8960,6182400
WP-00070,PRJ-006,Lean Concrete,CUM,9807,466,4570062,3138,1462419
WP-00071,PRJ-006,Plastering,SQM,4054,49,198646,1297,63566
WP-00072,PRJ-006,HVAC Installation,LS,5079,480900,2442491100,1625,781597152
WP-00073,PRJ-006,Structural Concrete,CUM,7026,1058,7433508,2248,2378722
WP-00074,PRJ-006,Fire Fighting,LS,1909,65714,125448026,610,40143368
WP-00075,PRJ-006,Formwork,SQM,6210,113,701730,1987,224553
WP-00076,PRJ-006,Facade Cladding,SQM,8414,762,6411468,2692,2051669
WP-00077,PRJ-006,Excavation,CUM,2128,56,119168,680,38133
WP-00078,PRJ-006,MEP First Fix,LS,2143,335267,718477181,685,229912697
WP-00079,PRJ-006,Waterproofing,SQM,4981,76,378556,1593,121137
WP-00080,PRJ-006,MEP Second Fix,LS,185,317579,58752115,59,18800676
WP-00081,PRJ-007,Blockwork,SQM,6287,186,1169382,4966,923811
WP-00082,PRJ-007,MEP Second Fix,LS,4157,135169,561897533,3284,443899051
WP-00083,PRJ-007,MEP First Fix,LS,5471,370769,2028477199,4322,1602496987
WP-00084,PRJ-007,Tiling,SQM,9641,129,1243689,7616,982514
WP-00085,PRJ-007,HVAC Installation,LS,6019,338189,2035559591,4755,1608092076
WP-00086,PRJ-007,Painting,SQM,1705,19,32395,1346,25592
WP-00087,PRJ-007,Plastering,SQM,7074,38,268812,5588,212361
WP-00088,PRJ-007,Reinforcement Steel,TON,1442,3688,5318096,1139,4201295
WP-00089,PRJ-007,Formwork,SQM,1118,134,149812,883,118351
WP-00090,PRJ-007,Lean Concrete,CUM,2230,521,1161830,1761,917845
WP-00091,PRJ-007,Waterproofing,SQM,3619,68,246092,2859,194412
WP-00092,PRJ-007,Structural Concrete,CUM,1379,989,1363831,1089,1077426
WP-00093,PRJ-007,Backfilling,CUM,8722,55,479710,6890,378970
WP-00094,PRJ-008,Plastering,SQM,7599,29,220371,2659,77129
WP-00095,PRJ-008,Tiling,SQM,8508,215,1829220,2977,640227
WP-00096,PRJ-008,Blockwork,SQM,2034,147,298998,711,104649
WP-00097,PRJ-008,Painting,SQM,7561,30,226830,2646,79390
WP-00098,PRJ-008,Waterproofing,SQM,634,87,55158,221,19305
WP-00099,PRJ-008,Fire Fighting,LS,2669,196545,524578605,934,183602511
WP-00100,PRJ-008,MEP Second Fix,LS,6151,142267,875084317,2152,306279510
WP-00101,PRJ-008,MEP First Fix,LS,9956,314234,3128513704,3484,1094979796
WP-00102,PRJ-008,Lean Concrete,CUM,1907,430,820010,667,287003
WP-00103,PRJ-008,Backfilling,CUM,6155,66,406230,2154,142180
WP-00104,PRJ-008,Structural Concrete,CUM,4844,820,3972080,1695,1390228
WP-00105,PRJ-008,Facade Cladding,SQM,8665,556,4817740,3032,1686209
WP-00106,PRJ-008,Reinforcement Steel,TON,2029,4260,8643540,710,3025239
WP-00107,PRJ-008,HVAC Installation,LS,5095,296324,1509770780,1783,528419773
WP-00108,PRJ-009,Tiling,SQM,3099,205,635295,3099,635295
WP-00109,PRJ-009,Blockwork,SQM,134,135,18090,134,18090
WP-00110,PRJ-009,Excavation,CUM,9070,94,852580,9070,852580
WP-00111,PRJ-009,MEP Second Fix,LS,1206,103426,124731756,1206,124731756
WP-00112,PRJ-009,Lean Concrete,CUM,6941,523,3630143,6941,3630143
WP-00113,PRJ-009,MEP First Fix,LS,9489,262372,2489647908,9489,2489647908
WP-00114,PRJ-009,Facade Cladding,SQM,9369,863,8085447,9369,8085447
WP-00115,PRJ-009,Waterproofing,SQM,5634,90,507060,5634,507060
WP-00116,PRJ-009,Fire Fighting,LS,6281,174578,1096524418,6281,1096524418
WP-00117,PRJ-009,Painting,SQM,2275,39,88725,2275,88725
WP-00118,PRJ-009,Plastering,SQM,2369,41,97129,2369,97129
WP-00119,PRJ-009,Backfilling,CUM,7651,78,596778,7651,596778
WP-00120,PRJ-010,HVAC Installation,LS,4644,438646,2037072024,4644,2037072024
WP-00121,PRJ-010,Lean Concrete,CUM,1550,442,685100,1550,685100
WP-00122,PRJ-010,Fire Fighting,LS,506,199945,101172170,506,101172170
WP-00123,PRJ-010,MEP First Fix,LS,5160,394148,2033803680,5160,2033803680
WP-00124,PRJ-010,Formwork,SQM,2128,90,191520,2128,191520
WP-00125,PRJ-010,Backfilling,CUM,3252,69,224388,3252,224388
WP-00126,PRJ-010,Tiling,SQM,8977,227,2037779,8977,2037779
WP-00127,PRJ-010,Waterproofing,SQM,966,76,73416,966,73416
WP-00128,PRJ-010,Plastering,SQM,8648,31,268088,8648,268088
WP-00129,PRJ-010,Painting,SQM,7896,31,244776,7896,244776
WP-00130,PRJ-010,Reinforcement Steel,TON,405,3746,1517130,405,1517130
WP-00131,PRJ-010,Facade Cladding,SQM,8813,584,5146792,8813,5146792
WP-00132,PRJ-010,Excavation,CUM,410,85,34850,410,34850
WP-00133,PRJ-010,Structural Concrete,CUM,3471,925,3210675,3471,3210675
WP-00134,PRJ-010,Blockwork,SQM,9595,176,1688720,9595,1688720
WP-00135,PRJ-011,Painting,SQM,6898,15,103470,3242,48630
WP-00136,PRJ-011,Waterproofing,SQM,8749,60,524940,4112,246721
WP-00137,PRJ-011,Tiling,SQM,6358,145,921910,2988,433297
WP-00138,PRJ-011,Excavation,CUM,1591,64,101824,747,47857
WP-00139,PRJ-011,Blockwork,SQM,1727,189,326403,811,153409
WP-00140,PRJ-011,MEP Second Fix,LS,2855,229606,655525130,1341,308096811
WP-00141,PRJ-011,Formwork,SQM,2459,103,253277,1155,119040
WP-00142,PRJ-011,HVAC Installation,LS,4287,502812,2155555044,2014,1013110870
WP-00143,PRJ-011,Lean Concrete,CUM,1568,439,688352,736,323525
WP-00144,PRJ-012,Fire Fighting,LS,5343,87345,466684335,5343,466684335
WP-00145,PRJ-012,Painting,SQM,6863,25,171575,6863,171575
WP-00146,PRJ-012,Lean Concrete,CUM,4325,496,2145200,4325,2145200
WP-00147,PRJ-012,Excavation,CUM,2081,56,116536,2081,116536
WP-00148,PRJ-012,Tiling,SQM,3418,141,481938,3418,481938
WP-00149,PRJ-012,Formwork,SQM,9881,110,1086910,9881,1086910
WP-00150,PRJ-012,Facade Cladding,SQM,8176,920,7521920,8176,7521920
WP-00151,PRJ-012,MEP Second Fix,LS,8364,281876,2357610864,8364,2357610864
WP-00152,PRJ-012,Plastering,SQM,1985,33,65505,1985,65505
WP-00153,PRJ-012,MEP First Fix,LS,1093,266899,291720607,1093,291720607
WP-00154,PRJ-012,Reinforcement Steel,TON,7715,4632,35735880,7715,35735880
WP-00155,PRJ-012,Blockwork,SQM,6769,128,866432,6769,866432
WP-00156,PRJ-013,Excavation,CUM,7406,60,444360,3184,191074
WP-00157,PRJ-013,Waterproofing,SQM,8299,53,439847,3568,189134
WP-00158,PRJ-013,Painting,SQM,2432,26,63232,1045,27189
WP-00159,PRJ-013,Reinforcement Steel,TON,8954,3844,34419176,3850,14800245
WP-00160,PRJ-013,Facade Cladding,SQM,4116,950,3910200,1769,1681386
WP-00161,PRJ-013,Structural Concrete,CUM,7042,1084,7633528,3028,3282417
WP-00162,PRJ-013,Plastering,SQM,7501,26,195026,3225,83861
WP-00163,PRJ-013,Backfilling,CUM,116,59,6844,49,2942
WP-00164,PRJ-013,MEP Second Fix,LS,4839,167756,811771284,2080,349061652
WP-00165,PRJ-013,HVAC Installation,LS,108,131549,14207292,46,6109135
WP-00166,PRJ-013,Fire Fighting,LS,8000,121644,973152000,3440,418455360
WP-00167,PRJ-013,Tiling,SQM,9895,144,1424880,4254,612698
WP-00168,PRJ-013,Lean Concrete,CUM,6328,489,3094392,2721,1330588
WP-00169,PRJ-013,Blockwork,SQM,3585,194,695490,1541,299060
WP-00170,PRJ-013,Formwork,SQM,8461,116,981476,3638,422034
WP-00171,PRJ-014,Formwork,SQM,2114,97,205058,655,63567
WP-00172,PRJ-014,MEP First Fix,LS,9217,246516,2272137972,2857,704362771
WP-00173,PRJ-014,Plastering,SQM,7177,31,222487,2224,68970
WP-00174,PRJ-014,Tiling,SQM,8370,161,1347570,2594,417746
WP-00175,PRJ-014,Backfilling,CUM,5713,70,399910,1771,123972
WP-00176,PRJ-014,Structural Concrete,CUM,4382,1185,5192670,1358,1609727
WP-00177,PRJ-014,HVAC Installation,LS,7517,243137,1827660829,2330,566574856
WP-00178,PRJ-014,Waterproofing,SQM,4129,82,338578,1279,104959
WP-00179,PRJ-015,Painting,SQM,9206,37,340622,9206,340622
WP-00180,PRJ-015,Reinforcement Steel,TON,8111,4304,34909744,8111,34909744
WP-00181,PRJ-015,Blockwork,SQM,8916,130,1159080,8916,1159080
WP-00182,PRJ-015,Tiling,SQM,1370,217,297290,1370,297290
WP-00183,PRJ-015,Formwork,SQM,607,136,82552,607,82552
WP-00184,PRJ-015,Excavation,CUM,2122,95,201590,2122,201590
WP-00185,PRJ-015,Lean Concrete,CUM,6266,553,3465098,6266,3465098
WP-00186,PRJ-015,Facade Cladding,SQM,5964,796,4747344,5964,4747344
WP-00187,PRJ-015,Fire Fighting,LS,3003,52210,156786630,3003,156786630
WP-00188,PRJ-015,Plastering,SQM,2144,39,83616,2144,83616
WP-00189,PRJ-015,Waterproofing,SQM,6169,99,610731,6169,610731
WP-00190,PRJ-015,Backfilling,CUM,3261,58,189138,3261,189138
WP-00191,PRJ-015,HVAC Installation,LS,253,216140,54683420,253,54683420
WP-00192,PRJ-016,Plastering,SQM,3723,32,119136,3723,119136
WP-00193,PRJ-016,Painting,SQM,8190,26,212940,8190,212940
WP-00194,PRJ-016,MEP First Fix,LS,702,247197,173532294,702,173532294
WP-00195,PRJ-016,Formwork,SQM,8174,106,866444,8174,866444
WP-00196,PRJ-016,Reinforcement Steel,TON,216,3901,842616,216,842616
WP-00197,PRJ-016,Backfilling,CUM,6589,37,243793,6589,243793
WP-00198,PRJ-016,Tiling,SQM,4644,225,1044900,4644,1044900
WP-00199,PRJ-016,Structural Concrete,CUM,8297,1052,8728444,8297,8728444
WP-00200,PRJ-017,Waterproofing,SQM,2201,87,191487,2201,191487
WP-00201,PRJ-017,Painting,SQM,1165,19,22135,1165,22135
WP-00202,PRJ-017,MEP First Fix,LS,4353,398793,1735945929,4353,1735945929
WP-00203,PRJ-017,Tiling,SQM,3834,213,816642,3834,816642
WP-00204,PRJ-017,HVAC Installation,LS,4594,200585,921487490,4594,921487490
WP-00205,PRJ-017,Fire Fighting,LS,478,189707,90679946,478,90679946
WP-00206,PRJ-017,MEP Second Fix,LS,4243,373662,1585447866,4243,1585447866
WP-00207,PRJ-017,Lean Concrete,CUM,7537,400,3014800,7537,3014800
WP-00208,PRJ-017,Backfilling,CUM,7097,71,503887,7097,503887
WP-00209,PRJ-017,Structural Concrete,CUM,949,965,915785,949,915785
WP-00210,PRJ-018,Fire Fighting,LS,8823,167666,1479317118,8823,1479317118
WP-00211,PRJ-018,Structural Concrete,CUM,5281,802,4235362,5281,4235362
WP-00212,PRJ-018,Backfilling,CUM,6520,42,273840,6520,273840
WP-00213,PRJ-018,Painting,SQM,5583,17,94911,5583,94911
WP-00214,PRJ-018,Plastering,SQM,9468,50,473400,9468,473400
WP-00215,PRJ-018,Blockwork,SQM,515,148,76220,515,76220
WP-00216,PRJ-018,MEP Second Fix,LS,7043,119028,838314204,7043,838314204
WP-00217,PRJ-018,Formwork,SQM,4195,105,440475,4195,440475
WP-00218,PRJ-018,Excavation,CUM,2794,92,257048,2794,257048
WP-00219,PRJ-018,MEP First Fix,LS,5192,132948,690266016,5192,690266016
WP-00220,PRJ-018,Facade Cladding,SQM,1684,428,720752,1684,720752
WP-00221,PRJ-018,Tiling,SQM,7963,190,1512970,7963,1512970
WP-00222,PRJ-018,Lean Concrete,CUM,493,551,271643,493,271643
WP-00223,PRJ-018,Waterproofing,SQM,5577,93,518661,5577,518661
WP-00224,PRJ-019,Blockwork,SQM,7284,132,961488,7284,961488
WP-00225,PRJ-019,Backfilling,CUM,7414,67,496738,7414,496738
WP-00226,PRJ-019,Facade Cladding,SQM,2145,487,1044615,2145,1044615
WP-00227,PRJ-019,Reinforcement Steel,TON,1094,3568,3903392,1094,3903392
WP-00228,PRJ-019,Formwork,SQM,6283,120,753960,6283,753960
WP-00229,PRJ-019,Excavation,CUM,1165,150,174750,1165,174750
WP-00230,PRJ-019,MEP First Fix,LS,2189,132507,290057823,2189,290057823
WP-00231,PRJ-019,Plastering,SQM,7340,26,190840,7340,190840
WP-00232,PRJ-019,MEP Second Fix,LS,5039,306408,1543989912,5039,1543989912
WP-00233,PRJ-019,Painting,SQM,1177,18,21186,1177,21186
WP-00234,PRJ-019,Structural Concrete,CUM,1014,1086,1101204,1014,1101204
WP-00235,PRJ-019,Tiling,SQM,955,155,148025,955,148025
WP-00236,PRJ-020,MEP Second Fix,LS,525,318066,166984650,525,166984650
WP-00237,PRJ-020,Backfilling,CUM,8574,51,437274,8574,437274
WP-00238,PRJ-020,Tiling,SQM,9730,129,1255170,9730,1255170
WP-00239,PRJ-020,Facade Cladding,SQM,1869,505,943845,1869,943845
WP-00240,PRJ-020,Waterproofing,SQM,301,78,23478,301,23478
WP-00241,PRJ-020,Reinforcement Steel,TON,1206,4714,5685084,1206,5685084
WP-00242,PRJ-020,Fire Fighting,LS,3272,83025,271657800,3272,271657800
WP-00243,PRJ-020,Excavation,CUM,8437,82,691834,8437,691834
WP-00244,PRJ-020,Blockwork,SQM,5922,173,1024506,5922,1024506
WP-00245,PRJ-020,Painting,SQM,7987,38,303506,7987,303506
WP-00246,PRJ-020,MEP First Fix,LS,7384,197477,1458170168,7384,1458170168
WP-00247,PRJ-020,Formwork,SQM,4083,97,396051,4083,396051
WP-00248,PRJ-020,Plastering,SQM,822,26,21372,822,21372
WP-00249,PRJ-020,HVAC Installation,LS,2191,263403,577115973,2191,577115973
WP-00250,PRJ-021,MEP First Fix,LS,3989,365870,1459455430,3989,1459455430
WP-00251,PRJ-021,Structural Concrete,CUM,9266,827,7662982,9266,7662982
WP-00252,PRJ-021,Tiling,SQM,7015,168,1178520,7015,1178520
WP-00253,PRJ-021,Plastering,SQM,3301,31,102331,3301,102331
WP-00254,PRJ-021,Lean Concrete,CUM,3397,417,1416549,3397,1416549
WP-00255,PRJ-021,Facade Cladding,SQM,5695,593,3377135,5695,3377135
WP-00256,PRJ-021,Blockwork,SQM,7894,179,1413026,7894,1413026
WP-00257,PRJ-021,HVAC Installation,LS,9926,463024,4595976224,9926,4595976224
WP-00258,PRJ-021,Formwork,SQM,5525,122,674050,5525,674050
WP-00259,PRJ-021,Painting,SQM,5009,28,140252,5009,140252
WP-00260,PRJ-021,Waterproofing,SQM,5484,50,274200,5484,274200
WP-00261,PRJ-021,Excavation,CUM,1817,108,196236,1817,196236
WP-00262,PRJ-021,Backfilling,CUM,791,61,48251,791,48251
WP-00263,PRJ-021,MEP Second Fix,LS,3694,81938,302678972,3694,302678972
WP-00264,PRJ-022,Blockwork,SQM,210,166,34860,210,34860
WP-00265,PRJ-022,Facade Cladding,SQM,262,475,124450,262,124450
WP-00266,PRJ-022,Tiling,SQM,5963,87,518781,5963,518781
WP-00267,PRJ-022,Reinforcement Steel,TON,9188,3735,34317180,9188,34317180
WP-00268,PRJ-022,MEP Second Fix,LS,2433,232345,565295385,2433,565295385
WP-00269,PRJ-022,HVAC Installation,LS,7315,201923,1477066745,7315,1477066745
WP-00270,PRJ-022,Formwork,SQM,9695,126,1221570,9695,1221570
WP-00271,PRJ-022,Waterproofing,SQM,819,41,33579,819,33579
WP-00272,PRJ-022,MEP First Fix,LS,3362,203717,684896554,3362,684896554
WP-00273,PRJ-022,Painting,SQM,4754,20,95080,4754,95080
WP-00274,PRJ-022,Backfilling,CUM,3687,46,169602,3687,169602
WP-00275,PRJ-023,Painting,SQM,443,36,15948,443,15948
WP-00276,PRJ-023,Fire Fighting,LS,2348,149332,350631536,2348,350631536
WP-00277,PRJ-023,Plastering,SQM,1918,35,67130,1918,67130
WP-00278,PRJ-023,Reinforcement Steel,TON,3544,4124,14615456,3544,14615456
WP-00279,PRJ-023,Lean Concrete,CUM,7574,461,3491614,7574,3491614
WP-00280,PRJ-023,MEP Second Fix,LS,6156,275218,1694242008,6156,1694242008
WP-00281,PRJ-023,Excavation,CUM,2907,117,340119,2907,340119
WP-00282,PRJ-023,MEP First Fix,LS,7206,472738,3406550028,7206,3406550028
WP-00283,PRJ-023,Structural Concrete,CUM,1171,860,1007060,1171,1007060
WP-00284,PRJ-023,Tiling,SQM,2466,113,278658,2466,278658
WP-00285,PRJ-024,Waterproofing,SQM,9722,52,505544,3111,161774
WP-00286,PRJ-024,Plastering,SQM,8873,34,301682,2839,96538
WP-00287,PRJ-024,Facade Cladding,SQM,2534,735,1862490,810,595996
WP-00288,PRJ-024,MEP First Fix,LS,4149,127923,530752527,1327,169840808
WP-00289,PRJ-024,Formwork,SQM,4688,96,450048,1500,144015
WP-00290,PRJ-024,MEP Second Fix,LS,8427,386227,3254734929,2696,1041515177
WP-00291,PRJ-024,Tiling,SQM,8111,133,1078763,2595,345204
WP-00292,PRJ-024,Fire Fighting,LS,1433,173382,248456406,458,79506049
WP-00293,PRJ-024,Reinforcement Steel,TON,1162,3842,4464404,371,1428609
WP-00294,PRJ-024,Excavation,CUM,8433,99,834867,2698,267157
WP-00295,PRJ-024,Structural Concrete,CUM,8442,991,8366022,2701,2677127
WP-00296,PRJ-025,HVAC Installation,LS,3425,337020,1154293500,719,242401635
WP-00297,PRJ-025,Lean Concrete,CUM,3940,501,1973940,827,414527
WP-00298,PRJ-025,Formwork,SQM,3681,119,438039,773,91988
WP-00299,PRJ-025,MEP First Fix,LS,7063,297700,2102655100,1483,441557571
WP-00300,PRJ-025,Fire Fighting,LS,9461,91211,862947271,1986,181218926
WP-00301,PRJ-025,Plastering,SQM,6229,33,205557,1308,43166
WP-00302,PRJ-025,Blockwork,SQM,9120,130,1185600,1915,248976
WP-00303,PRJ-025,Tiling,SQM,2300,101,232300,483,48783
WP-00304,PRJ-025,Painting,SQM,4934,29,143086,1036,30048
WP-00305,PRJ-025,Facade Cladding,SQM,8600,760,6536000,1806,1372560
WP-00306,PRJ-025,Structural Concrete,CUM,3871,1098,4250358,812,892575
WP-00307,PRJ-025,Reinforcement Steel,TON,774,4452,3445848,162,723628
WP-00308,PRJ-025,Excavation,CUM,8492,129,1095468,1783,230048
WP-00309,PRJ-025,MEP Second Fix,LS,5611,303400,1702377400,1178,357499254
WP-00310,PRJ-025,Waterproofing,SQM,7491,69,516879,1573,108544
WP-00311,PRJ-026,Fire Fighting,LS,1450,127206,184448700,1450,184448700
WP-00312,PRJ-026,Formwork,SQM,8320,145,1206400,8320,1206400
WP-00313,PRJ-026,MEP Second Fix,LS,9056,120977,1095567712,9056,1095567712
WP-00314,PRJ-026,Blockwork,SQM,4628,149,689572,4628,689572
WP-00315,PRJ-026,HVAC Installation,LS,1712,162174,277641888,1712,277641888
WP-00316,PRJ-026,Structural Concrete,CUM,1268,984,1247712,1268,1247712
WP-00317,PRJ-026,Waterproofing,SQM,727,74,53798,727,53798
WP-00318,PRJ-026,Excavation,CUM,3381,92,311052,3381,311052
WP-00319,PRJ-026,Lean Concrete,CUM,3321,572,1899612,3321,1899612
WP-00320,PRJ-026,Reinforcement Steel,TON,5494,4012,22041928,5494,22041928
WP-00321,PRJ-026,Backfilling,CUM,5059,77,389543,5059,389543
WP-00322,PRJ-026,Facade Cladding,SQM,4596,595,2734620,4596,2734620
WP-00323,PRJ-026,Plastering,SQM,9996,29,289884,9996,289884
WP-00324,PRJ-026,MEP First Fix,LS,8998,236910,2131716180,8998,2131716180
WP-00325,PRJ-027,Tiling,SQM,7833,247,1934751,4856,1199545
WP-00326,PRJ-027,Structural Concrete,CUM,8499,1189,10105311,5269,6265292
WP-00327,PRJ-027,Fire Fighting,LS,2545,154203,392446635,1577,243316913
WP-00328,PRJ-027,Formwork,SQM,3828,109,417252,2373,258696
WP-00329,PRJ-027,Waterproofing,SQM,3538,70,247660,2193,153549
WP-00330,PRJ-027,MEP First Fix,LS,3929,370441,1455462689,2435,902386867
WP-00331,PRJ-027,Facade Cladding,SQM,9717,965,9376905,6024,5813681
WP-00332,PRJ-027,Excavation,CUM,7779,142,1104618,4822,684863
WP-00333,PRJ-028,Painting,SQM,5106,38,194028,5106,194028
WP-00334,PRJ-028,MEP Second Fix,LS,258,342039,88246062,258,88246062
WP-00335,PRJ-028,Backfilling,CUM,5910,51,301410,5910,301410
WP-00336,PRJ-028,Formwork,SQM,3794,133,504602,3794,504602
WP-00337,PRJ-028,Reinforcement Steel,TON,7074,4904,34690896,7074,34690896
WP-00338,PRJ-028,Waterproofing,SQM,6708,88,590304,6708,590304
WP-00339,PRJ-028,Facade Cladding,SQM,8908,706,6289048,8908,6289048
WP-00340,PRJ-028,MEP First Fix,LS,5442,407733,2218882986,5442,2218882986
WP-00341,PRJ-028,Blockwork,SQM,480,192,92160,480,92160
WP-00342,PRJ-028,Plastering,SQM,627,29,18183,627,18183
WP-00343,PRJ-028,Structural Concrete,CUM,2618,969,2536842,2618,2536842
WP-00344,PRJ-028,Excavation,CUM,9409,130,1223170,9409,1223170
WP-00345,PRJ-028,Lean Concrete,CUM,9979,555,5538345,9979,5538345
WP-00346,PRJ-028,HVAC Installation,LS,9502,554528,5269125056,9502,5269125056
WP-00347,PRJ-028,Tiling,SQM,6504,177,1151208,6504,1151208
WP-00348,PRJ-029,MEP Second Fix,LS,1627,169875,276386625,357,60805057
WP-00349,PRJ-029,Backfilling,CUM,1809,73,132057,397,29052
WP-00350,PRJ-029,Plastering,SQM,9158,30,274740,2014,60442
WP-00351,PRJ-029,Waterproofing,SQM,625,92,57500,137,12650
WP-00352,PRJ-029,Reinforcement Steel,TON,9985,4500,44932500,2196,9885150
WP-00353,PRJ-029,Blockwork,SQM,539,143,77077,118,16956
WP-00354,PRJ-029,HVAC Installation,LS,3360,136433,458414880,739,100851273
WP-00355,PRJ-029,Formwork,SQM,6422,116,744952,1412,163889
WP-00356,PRJ-029,Painting,SQM,3473,22,76406,764,16809
WP-00357,PRJ-029,Fire Fighting,LS,4869,187467,912776823,1071,200810901
WP-00358,PRJ-029,Lean Concrete,CUM,1246,516,642936,274,141445
WP-00359,PRJ-030,MEP First Fix,LS,1914,167705,320987370,1186,199012169
WP-00360,PRJ-030,Plastering,SQM,8889,38,337782,5511,209424
WP-00361,PRJ-030,Excavation,CUM,7935,145,1150575,4919,713356
WP-00362,PRJ-030,Lean Concrete,CUM,1226,499,611774,760,379299
WP-00363,PRJ-030,Formwork,SQM,3482,96,334272,2158,207248
WP-00364,PRJ-030,Waterproofing,SQM,3469,59,204671,2150,126896
WP-00365,PRJ-030,Painting,SQM,7181,37,265697,4452,164732
WP-00366,PRJ-030,MEP Second Fix,LS,7878,163247,1286059866,4884,797357116
WP-00367,PRJ-031,Waterproofing,SQM,4144,73,302512,3398,248059
WP-00368,PRJ-031,Plastering,SQM,5488,43,235984,4500,193506
WP-00369,PRJ-031,MEP First Fix,LS,8143,341279,2779034897,6677,2278808615
WP-00370,PRJ-031,Painting,SQM,7680,33,253440,6297,207820
WP-00371,PRJ-031,Blockwork,SQM,740,131,96940,606,79490
WP-00372,PRJ-031,Structural Concrete,CUM,4817,1130,5443210,3949,4463432
WP-00373,PRJ-031,Reinforcement Steel,TON,7576,4210,31894960,6212,26153867
WP-00374,PRJ-031,Excavation,CUM,4973,100,497300,4077,407786
WP-00375,PRJ-031,Lean Concrete,CUM,2969,506,1502314,2434,1231897
WP-00376,PRJ-031,Tiling,SQM,4181,125,522625,3428,428552
WP-00377,PRJ-031,HVAC Installation,LS,7179,340033,2441096907,5886,2001699463
WP-00378,PRJ-031,Facade Cladding,SQM,6402,1074,6875748,5249,5638113
WP-00379,PRJ-032,Reinforcement Steel,TON,1193,4929,5880297,1193,5880297
WP-00380,PRJ-032,Waterproofing,SQM,3659,98,358582,3659,358582
WP-00381,PRJ-032,MEP First Fix,LS,8185,315628,2583415180,8185,2583415180
WP-00382,PRJ-032,Excavation,CUM,9157,65,595205,9157,595205
WP-00383,PRJ-032,Facade Cladding,SQM,6141,478,2935398,6141,2935398
WP-00384,PRJ-032,Lean Concrete,CUM,1823,529,964367,1823,964367
WP-00385,PRJ-032,Structural Concrete,CUM,5441,1009,5489969,5441,5489969
WP-00386,PRJ-032,Plastering,SQM,7488,30,224640,7488,224640
WP-00387,PRJ-032,Tiling,SQM,4241,133,564053,4241,564053
WP-00388,PRJ-032,Formwork,SQM,8391,85,713235,8391,713235
WP-00389,PRJ-033,Excavation,CUM,1978,140,276920,1068,149536
WP-00390,PRJ-033,Backfilling,CUM,2336,50,116800,1261,63072
WP-00391,PRJ-033,Painting,SQM,7706,30,231180,4161,124837
WP-00392,PRJ-033,MEP First Fix,LS,7658,135775,1039764950,4135,561473073
WP-00393,PRJ-033,Fire Fighting,LS,1452,193767,281349684,784,151928829
WP-00394,PRJ-033,Blockwork,SQM,4069,176,716144,2197,386717
WP-00395,PRJ-033,Waterproofing,SQM,2397,70,167790,1294,90606
WP-00396,PRJ-033,Formwork,SQM,4673,100,467300,2523,252342
WP-00397,PRJ-033,Tiling,SQM,2894,84,243096,1562,131271
WP-00398,PRJ-033,MEP Second Fix,LS,1746,172923,301923558,942,163038721
WP-00399,PRJ-033,HVAC Installation,LS,4919,165091,812082629,2656,438524619
WP-00400,PRJ-033,Reinforcement Steel,TON,8859,4300,38093700,4783,20570598
WP-00401,PRJ-033,Facade Cladding,SQM,2859,479,1369461,1543,739508
WP-00402,PRJ-033,Structural Concrete,CUM,283,1146,324318,152,175131
WP-00403,PRJ-033,Plastering,SQM,4576,29,132704,2471,71660
WP-00404,PRJ-034,MEP First Fix,LS,7374,127480,940037520,3244,413616508
WP-00405,PRJ-034,Lean Concrete,CUM,9900,401,3969900,4356,1746756
WP-00406,PRJ-034,Reinforcement Steel,TON,897,4272,3831984,394,1686072
WP-00407,PRJ-034,Facade Cladding,SQM,3405,655,2230275,1498,981321
WP-00408,PRJ-034,Excavation,CUM,6238,80,499040,2744,219577
WP-00409,PRJ-034,Painting,SQM,3376,17,57392,1485,25252
WP-00410,PRJ-034,Plastering,SQM,362,38,13756,159,6052
WP-00411,PRJ-034,Fire Fighting,LS,557,53816,29975512,245,13189225
WP-00412,PRJ-034,Blockwork,SQM,5623,144,809712,2474,356273
WP-00413,PRJ-034,Formwork,SQM,1135,108,122580,499,53935
WP-00414,PRJ-034,MEP Second Fix,LS,1682,168018,282606276,740,124346761
WP-00415,PRJ-034,Structural Concrete,CUM,2836,822,2331192,1247,1025724
WP-00416,PRJ-034,Waterproofing,SQM,6910,72,497520,3040,218908
WP-00417,PRJ-034,Backfilling,CUM,1864,50,93200,820,41008
WP-00418,PRJ-034,HVAC Installation,LS,5386,394678,2125735708,2369,935323711
WP-00419,PRJ-035,Waterproofing,SQM,2944,40,117760,2944,117760
WP-00420,PRJ-035,HVAC Installation,LS,6688,442880,2961981440,6688,2961981440
WP-00421,PRJ-035,Plastering,SQM,5281,25,132025,5281,132025
WP-00422,PRJ-035,Facade Cladding,SQM,6476,617,3995692,6476,3995692
WP-00423,PRJ-035,MEP Second Fix,LS,7616,195393,1488113088,7616,1488113088
WP-00424,PRJ-035,Backfilling,CUM,1181,72,85032,1181,85032
WP-00425,PRJ-035,Reinforcement Steel,TON,4662,4831,22522122,4662,22522122
WP-00426,PRJ-035,Tiling,SQM,6145,91,559195,6145,559195
WP-00427,PRJ-035,Painting,SQM,1203,21,25263,1203,25263
WP-00428,PRJ-035,Lean Concrete,CUM,6835,477,3260295,6835,3260295
WP-00429,PRJ-035,MEP First Fix,LS,9911,361921,3586999031,9911,3586999031
WP-00430,PRJ-036,Formwork,SQM,2972,120,356640,2972,356640
WP-00431,PRJ-036,Structural Concrete,CUM,7999,834,6671166,7999,6671166
WP-00432,PRJ-036,Backfilling,CUM,5590,31,173290,5590,173290
WP-00433,PRJ-036,Tiling,SQM,9685,194,1878890,9685,1878890
WP-00434,PRJ-036,Facade Cladding,SQM,6364,923,5873972,6364,5873972
WP-00435,PRJ-036,Painting,SQM,3908,31,121148,3908,121148
WP-00436,PRJ-036,Waterproofing,SQM,9725,85,826625,9725,826625
WP-00437,PRJ-036,Lean Concrete,CUM,317,459,145503,317,145503
WP-00438,PRJ-036,MEP First Fix,LS,447,423144,189145368,447,189145368
WP-00439,PRJ-037,Tiling,SQM,6236,207,1290852,6236,1290852
WP-00440,PRJ-037,Reinforcement Steel,TON,4959,3913,19404567,4959,19404567
WP-00441,PRJ-037,MEP First Fix,LS,2584,297000,767448000,2584,767448000
WP-00442,PRJ-037,Waterproofing,SQM,3448,81,279288,3448,279288
WP-00443,PRJ-037,HVAC Installation,LS,721,224814,162090894,721,162090894
WP-00444,PRJ-037,Facade Cladding,SQM,9898,854,8452892,9898,8452892
WP-00445,PRJ-037,Backfilling,CUM,5485,38,208430,5485,208430
WP-00446,PRJ-037,Excavation,CUM,4656,90,419040,4656,419040
WP-00447,PRJ-037,Lean Concrete,CUM,748,533,398684,748,398684
WP-00448,PRJ-038,Tiling,SQM,6350,213,1352550,6350,1352550
WP-00449,PRJ-038,MEP Second Fix,LS,5369,176230,946178870,5369,946178870
WP-00450,PRJ-038,Excavation,CUM,7347,130,955110,7347,955110
WP-00451,PRJ-038,Reinforcement Steel,TON,199,3632,722768,199,722768
WP-00452,PRJ-038,MEP First Fix,LS,8155,136692,1114723260,8155,1114723260
WP-00453,PRJ-038,Formwork,SQM,3253,86,279758,3253,279758
WP-00454,PRJ-038,Painting,SQM,2418,21,50778,2418,50778
WP-00455,PRJ-038,HVAC Installation,LS,2157,148108,319468956,2157,319468956
WP-00456,PRJ-038,Plastering,SQM,2945,43,126635,2945,126635
WP-00457,PRJ-038,Structural Concrete,CUM,9092,904,8219168,9092,8219168
WP-00458,PRJ-038,Fire Fighting,LS,3971,183018,726764478,3971,726764478
WP-00459,PRJ-038,Backfilling,CUM,1380,57,78660,1380,78660
WP-00460,PRJ-038,Waterproofing,SQM,7752,59,457368,7752,457368
WP-00461,PRJ-038,Lean Concrete,CUM,2789,584,1628776,2789,1628776
WP-00462,PRJ-039,Blockwork,SQM,1410,166,234060,1410,234060
WP-00463,PRJ-039,Waterproofing,SQM,6624,64,423936,6624,423936
WP-00464,PRJ-039,Lean Concrete,CUM,2848,520,1480960,2848,1480960
WP-00465,PRJ-039,Tiling,SQM,7331,188,1378228,7331,1378228
WP-00466,PRJ-039,Reinforcement Steel,TON,8378,4748,39778744,8378,39778744
WP-00467,PRJ-039,Structural Concrete,CUM,7201,1189,8561989,7201,8561989
WP-00468,PRJ-039,Painting,SQM,2653,40,106120,2653,106120
WP-00469,PRJ-039,Facade Cladding,SQM,7997,420,3358740,7997,3358740
WP-00470,PRJ-039,MEP First Fix,LS,6349,324079,2057577571,6349,2057577571
WP-00471,PRJ-039,Fire Fighting,LS,1463,128703,188292489,1463,188292489
WP-00472,PRJ-039,Plastering,SQM,9851,42,413742,9851,413742
WP-00473,PRJ-040,Formwork,SQM,5559,97,539223,4113,399025
WP-00474,PRJ-040,Structural Concrete,CUM,7788,900,7009200,5763,5186808
WP-00475,PRJ-040,Waterproofing,SQM,2635,98,258230,1949,191090
WP-00476,PRJ-040,Blockwork,SQM,3206,120,384720,2372,284692
WP-00477,PRJ-040,HVAC Installation,LS,310,551755,171044050,229,126572597
WP-00478,PRJ-040,MEP Second Fix,LS,8303,276218,2293438054,6144,1697144159
WP-00479,PRJ-040,MEP First Fix,LS,8151,312103,2543951553,6031,1882524149
WP-00480,PRJ-040,Fire Fighting,LS,6912,153455,1060680960,5114,784903910
WP-00481,PRJ-040,Painting,SQM,6213,27,167751,4597,124135
WP-00482,PRJ-040,Excavation,CUM,8120,89,722680,6008,534783
WP-00483,PRJ-041,Fire Fighting,LS,4282,141377,605376314,3982,562999972
WP-00484,PRJ-041,HVAC Installation,LS,8449,471787,3986128363,7857,3707099377
WP-00485,PRJ-041,Excavation,CUM,8105,131,1061755,7537,987432
WP-00486,PRJ-041,Backfilling,CUM,6132,74,453768,5702,422004
WP-00487,PRJ-041,Waterproofing,SQM,1045,81,84645,971,78719
WP-00488,PRJ-041,Tiling,SQM,6413,188,1205644,5964,1121248
WP-00489,PRJ-041,Lean Concrete,CUM,4143,462,1914066,3852,1780081
WP-00490,PRJ-041,Reinforcement Steel,TON,7927,3570,28299390,7372,26318432
WP-00491,PRJ-041,MEP First Fix,LS,6021,430800,2593846800,5599,2412277524
WP-00492,PRJ-042,Structural Concrete,CUM,9965,1096,10921640,9965,10921640
WP-00493,PRJ-042,Facade Cladding,SQM,2744,412,1130528,2744,1130528
WP-00494,PRJ-042,Tiling,SQM,2012,103,207236,2012,207236
WP-00495,PRJ-042,Blockwork,SQM,6397,170,1087490,6397,1087490
WP-00496,PRJ-042,Painting,SQM,9703,17,164951,9703,164951
WP-00497,PRJ-042,Lean Concrete,CUM,8595,448,3850560,8595,3850560
WP-00498,PRJ-042,HVAC Installation,LS,7029,186939,1313994231,7029,1313994231
WP-00499,PRJ-042,Reinforcement Steel,TON,7093,4017,28492581,7093,28492581
WP-00500,PRJ-043,MEP Second Fix,LS,6620,241533,1598948460,6620,1598948460
WP-00501,PRJ-043,Tiling,SQM,205,123,25215,205,25215
WP-00502,PRJ-043,Structural Concrete,CUM,8156,800,6524800,8156,6524800
WP-00503,PRJ-043,MEP First Fix,LS,1687,136617,230472879,1687,230472879
WP-00504,PRJ-043,Waterproofing,SQM,6945,73,506985,6945,506985
WP-00505,PRJ-043,Backfilling,CUM,6929,71,491959,6929,491959
WP-00506,PRJ-043,Painting,SQM,4824,38,183312,4824,183312
WP-00507,PRJ-043,Formwork,SQM,7160,101,723160,7160,723160
WP-00508,PRJ-043,Lean Concrete,CUM,2990,495,1480050,2990,1480050
WP-00509,PRJ-043,Blockwork,SQM,3153,137,431961,3153,431961
WP-00510,PRJ-043,Plastering,SQM,3344,40,133760,3344,133760
WP-00511,PRJ-043,HVAC Installation,LS,3081,363514,1119986634,3081,1119986634
WP-00512,PRJ-044,HVAC Installation,LS,4349,573051,2492198799,4349,2492198799
WP-00513,PRJ-044,Tiling,SQM,6797,192,1305024,6797,1305024
WP-00514,PRJ-044,Fire Fighting,LS,1889,93548,176712172,1889,176712172
WP-00515,PRJ-044,Reinforcement Steel,TON,1407,4100,5768700,1407,5768700
WP-00516,PRJ-044,Lean Concrete,CUM,1504,496,745984,1504,745984
WP-00517,PRJ-044,MEP Second Fix,LS,2142,225103,482170626,2142,482170626
WP-00518,PRJ-044,Excavation,CUM,1152,93,107136,1152,107136
WP-00519,PRJ-044,MEP First Fix,LS,586,407047,238529542,586,238529542
WP-00520,PRJ-044,Painting,SQM,3946,30,118380,3946,118380
WP-00521,PRJ-045,Reinforcement Steel,TON,8061,4469,36024609,8061,36024609
WP-00522,PRJ-045,Excavation,CUM,5621,127,713867,5621,713867
WP-00523,PRJ-045,HVAC Installation,LS,7136,276449,1972740064,7136,1972740064
WP-00524,PRJ-045,Structural Concrete,CUM,6174,1149,7093926,6174,7093926
WP-00525,PRJ-045,Fire Fighting,LS,5720,132634,758666480,5720,758666480
WP-00526,PRJ-045,Painting,SQM,4025,26,104650,4025,104650
WP-00527,PRJ-045,Tiling,SQM,6628,176,1166528,6628,1166528
WP-00528,PRJ-045,MEP First Fix,LS,1037,286661,297267457,1037,297267457
WP-00529,PRJ-045,Backfilling,CUM,5510,36,198360,5510,198360
WP-00530,PRJ-045,Blockwork,SQM,150,178,26700,150,26700
WP-00531,PRJ-045,MEP Second Fix,LS,6683,152804,1021189132,6683,1021189132
WP-00532,PRJ-045,Plastering,SQM,520,44,22880,520,22880
WP-00533,PRJ-045,Facade Cladding,SQM,2113,943,1992559,2113,1992559
WP-00534,PRJ-045,Lean Concrete,CUM,4678,579,2708562,4678,2708562
WP-00535,PRJ-045,Waterproofing,SQM,4172,63,262836,4172,262836
WP-00536,PRJ-046,Facade Cladding,SQM,6656,1156,7694336,732,846376
WP-00537,PRJ-046,Plastering,SQM,1433,36,51588,157,5674
WP-00538,PRJ-046,Waterproofing,SQM,7110,100,711000,782,78210
WP-00539,PRJ-046,Painting,SQM,7900,36,284400,869,31284
WP-00540,PRJ-046,Reinforcement Steel,TON,1745,4288,7482560,191,823081
WP-00541,PRJ-046,Excavation,CUM,4914,127,624078,540,68648
WP-00542,PRJ-046,Formwork,SQM,3296,98,323008,362,35530
WP-00543,PRJ-046,MEP Second Fix,LS,8620,379836,3274186320,948,360160495
WP-00544,PRJ-046,Tiling,SQM,8367,88,736296,920,80992
WP-00545,PRJ-046,Fire Fighting,LS,2194,180528,396078432,241,43568627
WP-00546,PRJ-046,HVAC Installation,LS,1526,257993,393697318,167,43306704
WP-00547,PRJ-046,Lean Concrete,CUM,9090,519,4717710,999,518948
WP-00548,PRJ-046,MEP First Fix,LS,2853,333982,952850646,313,104813571
WP-00549,PRJ-046,Blockwork,SQM,1995,181,361095,219,39720
WP-00550,PRJ-046,Backfilling,CUM,8958,45,403110,985,44342
WP-00551,PRJ-047,Waterproofing,SQM,6383,89,568087,3765,335171
WP-00552,PRJ-047,Lean Concrete,CUM,4693,456,2140008,2768,1262604
WP-00553,PRJ-047,MEP Second Fix,LS,4320,329719,1424386080,2548,840387787
WP-00554,PRJ-047,Painting,SQM,2116,36,76176,1248,44943
WP-00555,PRJ-047,MEP First Fix,LS,2324,380254,883710296,1371,521389074
WP-00556,PRJ-047,Backfilling,CUM,8160,35,285600,4814,168504
WP-00557,PRJ-047,Fire Fighting,LS,5552,108669,603330288,3275,355964869
WP-00558,PRJ-047,Facade Cladding,SQM,9536,1184,11290624,5626,6661468
WP-00559,PRJ-047,Excavation,CUM,9941,58,576578,5865,340181
WP-00560,PRJ-047,Tiling,SQM,5723,176,1007248,3376,594276
WP-00561,PRJ-047,HVAC Installation,LS,6352,442842,2812932384,3747,1659630106
WP-00562,PRJ-048,Blockwork,SQM,6125,136,833000,6125,833000
WP-00563,PRJ-048,Reinforcement Steel,TON,5234,4278,22391052,5234,22391052
WP-00564,PRJ-048,Structural Concrete,CUM,9552,1177,11242704,9552,11242704
WP-00565,PRJ-048,Backfilling,CUM,127,49,6223,127,6223
WP-00566,PRJ-048,Fire Fighting,LS,1113,190405,211920765,1113,211920765
WP-00567,PRJ-048,MEP Second Fix,LS,3210,283500,910035000,3210,910035000
WP-00568,PRJ-048,Painting,SQM,7041,25,176025,7041,176025
WP-00569,PRJ-048,Tiling,SQM,6080,112,680960,6080,680960
WP-00570,PRJ-048,Formwork,SQM,8615,108,930420,8615,930420
WP-00571,PRJ-048,Facade Cladding,SQM,1846,804,1484184,1846,1484184
WP-00572,PRJ-048,MEP First Fix,LS,250,382220,95555000,250,95555000
WP-00573,PRJ-048,Plastering,SQM,7646,35,267610,7646,267610
WP-00574,PRJ-048,Excavation,CUM,2470,87,214890,2470,214890
WP-00575,PRJ-048,Lean Concrete,CUM,3686,527,1942522,3686,1942522
WP-00576,PRJ-049,Structural Concrete,CUM,3634,1053,3826602,3088,3252611
WP-00577,PRJ-049,Tiling,SQM,4875,176,858000,4143,729300
WP-00578,PRJ-049,Facade Cladding,SQM,1063,741,787683,903,669530
WP-00579,PRJ-049,Lean Concrete,CUM,2601,583,1516383,2210,1288925
WP-00580,PRJ-049,MEP First Fix,LS,3550,484123,1718636650,3017,1460841152
WP-00581,PRJ-049,Painting,SQM,3787,37,140119,3218,119101
WP-00582,PRJ-049,Excavation,CUM,961,149,143189,816,121710
WP-00583,PRJ-049,Formwork,SQM,3033,142,430686,2578,366083
WP-00584,PRJ-049,Fire Fighting,LS,6519,128407,837085233,5541,711522448
WP-00585,PRJ-049,Blockwork,SQM,2708,122,330376,2301,280819
WP-00586,PRJ-049,Plastering,SQM,9077,37,335849,7715,285471
WP-00587,PRJ-049,HVAC Installation,LS,5628,321478,1809278184,4783,1537886456
WP-00588,PRJ-049,MEP Second Fix,LS,7856,262613,2063087728,6677,1753624568
WP-00589,PRJ-049,Reinforcement Steel,TON,6512,4300,28001600,5535,23801360
WP-00590,PRJ-049,Backfilling,CUM,1276,63,80388,1084,68329
WP-00591,PRJ-050,Tiling,SQM,5081,197,1000957,5081,1000957
WP-00592,PRJ-050,MEP First Fix,LS,2781,402596,1119619476,2781,1119619476
WP-00593,PRJ-050,Reinforcement Steel,TON,2353,4404,10362612,2353,10362612
WP-00594,PRJ-050,HVAC Installation,LS,8004,252610,2021890440,8004,2021890440
WP-00595,PRJ-050,Plastering,SQM,2472,31,76632,2472,76632
WP-00596,PRJ-050,Waterproofing,SQM,3673,91,334243,3673,334243
WP-00597,PRJ-050,Backfilling,CUM,3305,77,254485,3305,254485
WP-00598,PRJ-050,Lean Concrete,CUM,249,492,122508,249,122508
WP-00599,PRJ-050,Formwork,SQM,9531,93,886383,9531,886383
WP-00600,PRJ-050,Painting,SQM,2518,27,67986,2518,67986
WP-00601,PRJ-050,Structural Concrete,CUM,7097,1147,8140259,7097,8140259
WP-00602,PRJ-050,Excavation,CUM,2856,57,162792,2856,162792
WP-00603,PRJ-051,MEP First Fix,LS,6719,228451,1534962269,6719,1534962269
WP-00604,PRJ-051,Blockwork,SQM,656,135,88560,656,88560
WP-00605,PRJ-051,Lean Concrete,CUM,4046,501,2027046,4046,2027046
WP-00606,PRJ-051,Excavation,CUM,8105,88,713240,8105,713240
WP-00607,PRJ-051,Backfilling,CUM,9867,41,404547,9867,404547
WP-00608,PRJ-051,Plastering,SQM,6250,49,306250,6250,306250
WP-00609,PRJ-051,Formwork,SQM,1568,139,217952,1568,217952
WP-00610,PRJ-051,Waterproofing,SQM,6360,57,362520,6360,362520
WP-00611,PRJ-051,Fire Fighting,LS,7392,146291,1081383072,7392,1081383072
WP-00612,PRJ-052,Reinforcement Steel,TON,477,4701,2242377,477,2242377
WP-00613,PRJ-052,Backfilling,CUM,9487,66,626142,9487,626142
WP-00614,PRJ-052,HVAC Installation,LS,7956,243510,1937365560,7956,1937365560
WP-00615,PRJ-052,Fire Fighting,LS,1649,97473,160732977,1649,160732977
WP-00616,PRJ-052,Blockwork,SQM,6390,181,1156590,6390,1156590
WP-00617,PRJ-052,Painting,SQM,7205,24,172920,7205,172920
WP-00618,PRJ-052,Plastering,SQM,9462,29,274398,9462,274398
WP-00619,PRJ-052,Facade Cladding,SQM,1729,733,1267357,1729,1267357
WP-00620,PRJ-053,Formwork,SQM,1147,146,167462,1147,167462
WP-00621,PRJ-053,Waterproofing,SQM,9680,74,716320,9680,716320
WP-00622,PRJ-053,Fire Fighting,LS,2133,104385,222653205,2133,222653205
WP-00623,PRJ-053,MEP First Fix,LS,2022,194720,393723840,2022,393723840
WP-00624,PRJ-053,Excavation,CUM,9915,138,1368270,9915,1368270
WP-00625,PRJ-053,HVAC Installation,LS,3048,102791,313306968,3048,313306968
WP-00626,PRJ-053,Plastering,SQM,9188,39,358332,9188,358332
WP-00627,PRJ-053,Tiling,SQM,5249,111,582639,5249,582639
WP-00628,PRJ-053,Blockwork,SQM,741,136,100776,741,100776
WP-00629,PRJ-054,Formwork,SQM,2911,134,390074,2911,390074
WP-00630,PRJ-054,Backfilling,CUM,101,45,4545,101,4545
WP-00631,PRJ-054,Plastering,SQM,5025,26,130650,5025,130650
WP-00632,PRJ-054,Structural Concrete,CUM,8610,1200,10332000,8610,10332000
WP-00633,PRJ-054,Excavation,CUM,4907,134,657538,4907,657538
WP-00634,PRJ-054,HVAC Installation,LS,8850,333266,2949404100,8850,2949404100
WP-00635,PRJ-054,Painting,SQM,2391,33,78903,2391,78903
WP-00636,PRJ-054,Fire Fighting,LS,8135,132034,1074096590,8135,1074096590
WP-00637,PRJ-054,MEP Second Fix,LS,8663,264610,2292316430,8663,2292316430
WP-00638,PRJ-054,Lean Concrete,CUM,8918,530,4726540,8918,4726540
WP-00639,PRJ-054,Blockwork,SQM,3538,132,467016,3538,467016
WP-00640,PRJ-055,Blockwork,SQM,3639,195,709605,3639,709605
WP-00641,PRJ-055,Excavation,CUM,5982,85,508470,5982,508470
WP-00642,PRJ-055,Reinforcement Steel,TON,2205,4993,11009565,2205,11009565
WP-00643,PRJ-055,Lean Concrete,CUM,7014,419,2938866,7014,2938866
WP-00644,PRJ-055,Structural Concrete,CUM,9108,930,8470440,9108,8470440
WP-00645,PRJ-055,Fire Fighting,LS,4370,150081,655853970,4370,655853970
WP-00646,PRJ-055,MEP Second Fix,LS,2775,289746,804045150,2775,804045150
WP-00647,PRJ-055,Plastering,SQM,7572,27,204444,7572,204444
WP-00648,PRJ-056,Fire Fighting,LS,2787,160018,445970166,1783,285420906
WP-00649,PRJ-056,MEP First Fix,LS,2614,265863,694965882,1672,444778164
WP-00650,PRJ-056,Lean Concrete,CUM,7204,497,3580388,4610,2291448
WP-00651,PRJ-056,Plastering,SQM,524,44,23056,335,14755
WP-00652,PRJ-056,Reinforcement Steel,TON,4155,3658,15198990,2659,9727353
WP-00653,PRJ-056,Backfilling,CUM,4525,37,167425,2896,107152
WP-00654,PRJ-056,Structural Concrete,CUM,8807,856,7538792,5636,4824826
WP-00655,PRJ-056,HVAC Installation,LS,9084,313270,2845744680,5813,1821276595
WP-00656,PRJ-056,Formwork,SQM,1180,122,143960,755,92134
WP-00657,PRJ-056,Tiling,SQM,1557,172,267804,996,171394
WP-00658,PRJ-056,Blockwork,SQM,5564,154,856856,3560,548387
WP-00659,PRJ-056,Waterproofing,SQM,2497,95,237215,1598,151817
WP-00660,PRJ-057,Plastering,SQM,5122,43,220246,5122,220246
WP-00661,PRJ-057,Excavation,CUM,8121,62,503502,8121,503502
WP-00662,PRJ-057,Backfilling,CUM,8766,52,455832,8766,455832
WP-00663,PRJ-057,Waterproofing,SQM,9474,95,900030,9474,900030
WP-00664,PRJ-057,Reinforcement Steel,TON,4720,4629,21848880,4720,21848880
WP-00665,PRJ-057,MEP Second Fix,LS,4540,398487,1809130980,4540,1809130980
WP-00666,PRJ-057,Fire Fighting,LS,1723,62573,107813279,1723,107813279
WP-00667,PRJ-057,Tiling,SQM,2897,161,466417,2897,466417
WP-00668,PRJ-057,Lean Concrete,CUM,6482,446,2890972,6482,2890972
WP-00669,PRJ-057,Structural Concrete,CUM,5755,1179,6785145,5755,6785145
WP-00670,PRJ-057,Formwork,SQM,8811,150,1321650,8811,1321650
WP-00671,PRJ-058,Facade Cladding,SQM,6164,1124,6928336,6164,6928336
WP-00672,PRJ-058,Tiling,SQM,4181,235,982535,4181,982535
WP-00673,PRJ-058,Lean Concrete,CUM,6952,580,4032160,6952,4032160
WP-00674,PRJ-058,Structural Concrete,CUM,7600,893,6786800,7600,6786800
WP-00675,PRJ-058,Excavation,CUM,7291,95,692645,7291,692645
WP-00676,PRJ-058,Painting,SQM,7778,31,241118,7778,241118
WP-00677,PRJ-058,Plastering,SQM,4799,33,158367,4799,158367
WP-00678,PRJ-058,Fire Fighting,LS,7108,186470,1325428760,7108,1325428760
WP-00679,PRJ-058,HVAC Installation,LS,3848,260006,1000503088,3848,1000503088
WP-00680,PRJ-058,Backfilling,CUM,1524,49,74676,1524,74676
WP-00681,PRJ-058,Reinforcement Steel,TON,6760,4140,27986400,6760,27986400
WP-00682,PRJ-058,MEP Second Fix,LS,1576,121667,191747192,1576,191747192
WP-00683,PRJ-058,Blockwork,SQM,1356,150,203400,1356,203400
WP-00684,PRJ-058,MEP First Fix,LS,1634,186566,304848844,1634,304848844
WP-00685,PRJ-059,Lean Concrete,CUM,2335,522,1218870,1284,670378
WP-00686,PRJ-059,MEP First Fix,LS,8256,370014,3054835584,4540,1680159571
WP-00687,PRJ-059,Structural Concrete,CUM,8822,1157,10207054,4852,5613879
WP-00688,PRJ-059,Plastering,SQM,2142,37,79254,1178,43589
WP-00689,PRJ-059,Blockwork,SQM,327,198,64746,179,35610
WP-00690,PRJ-059,Excavation,CUM,3215,145,466175,1768,256396
WP-00691,PRJ-059,Waterproofing,SQM,219,85,18615,120,10238
WP-00692,PRJ-059,MEP Second Fix,LS,7062,360140,2543308680,3884,1398819774
WP-00693,PRJ-060,Blockwork,SQM,1330,166,220780,1330,220780
WP-00694,PRJ-060,MEP First Fix,LS,2284,369318,843522312,2284,843522312
WP-00695,PRJ-060,Painting,SQM,5888,16,94208,5888,94208
WP-00696,PRJ-060,Plastering,SQM,7025,40,281000,7025,281000
WP-00697,PRJ-060,Fire Fighting,LS,6311,94691,597594901,6311,597594901
WP-00698,PRJ-060,Tiling,SQM,6215,108,671220,6215,671220
WP-00699,PRJ-060,Excavation,CUM,5637,136,766632,5637,766632
WP-00700,PRJ-060,Facade Cladding,SQM,4192,952,3990784,4192,3990784
WP-00701,PRJ-060,Lean Concrete,CUM,2031,474,962694,2031,962694
WP-00702,PRJ-060,Formwork,SQM,5001,141,705141,5001,705141
WP-00703,PRJ-060,Structural Concrete,CUM,4909,935,4589915,4909,4589915
WP-00704,PRJ-060,Backfilling,CUM,3590,30,107700,3590,107700
WP-00705,PRJ-060,Waterproofing,SQM,9419,65,612235,9419,612235
WP-00706,PRJ-061,Tiling,SQM,7642,164,1253288,5425,889834
WP-00707,PRJ-061,HVAC Installation,LS,4988,285541,1424278508,3541,1011237740
WP-00708,PRJ-061,Painting,SQM,1855,15,27825,1317,19755
WP-00709,PRJ-061,Plastering,SQM,5829,48,279792,4138,198652
WP-00710,PRJ-061,Excavation,CUM,3150,101,318150,2236,225886
WP-00711,PRJ-061,Blockwork,SQM,5908,121,714868,4194,507556
WP-00712,PRJ-061,Facade Cladding,SQM,1760,841,1480160,1249,1050913
WP-00713,PRJ-061,Fire Fighting,LS,8161,101785,830667385,5794,589773843
WP-00714,PRJ-061,MEP First Fix,LS,1488,377398,561568224,1056,398713439
WP-00715,PRJ-061,Lean Concrete,CUM,8526,439,3742914,6053,2657468
WP-00716,PRJ-061,MEP Second Fix,LS,6829,144929,989720141,4848,702701300
WP-00717,PRJ-062,Excavation,CUM,1880,106,199280,1880,199280
WP-00718,PRJ-062,Lean Concrete,CUM,7298,441,3218418,7298,3218418
WP-00719,PRJ-062,MEP Second Fix,LS,2391,265460,634714860,2391,634714860
WP-00720,PRJ-062,Painting,SQM,7210,15,108150,7210,108150
WP-00721,PRJ-062,Structural Concrete,CUM,5985,1163,6960555,5985,6960555
WP-00722,PRJ-062,Reinforcement Steel,TON,3351,3726,12485826,3351,12485826
WP-00723,PRJ-062,Blockwork,SQM,3205,156,499980,3205,499980
WP-00724,PRJ-062,Waterproofing,SQM,759,48,36432,759,36432
WP-00725,PRJ-062,Formwork,SQM,6564,133,873012,6564,873012
WP-00726,PRJ-062,HVAC Installation,LS,5526,572382,3162982932,5526,3162982932
WP-00727,PRJ-062,Plastering,SQM,617,30,18510,617,18510
WP-00728,PRJ-062,Fire Fighting,LS,3360,175644,590163840,3360,590163840
WP-00729,PRJ-062,Backfilling,CUM,4454,37,164798,4454,164798
WP-00730,PRJ-062,Tiling,SQM,6999,205,1434795,6999,1434795
WP-00731,PRJ-062,MEP First Fix,LS,9113,359820,3279039660,9113,3279039660
WP-00732,PRJ-063,Painting,SQM,446,19,8474,446,8474
WP-00733,PRJ-063,MEP Second Fix,LS,2648,260418,689586864,2648,689586864
WP-00734,PRJ-063,HVAC Installation,LS,8292,107155,888529260,8292,888529260
WP-00735,PRJ-063,Fire Fighting,LS,3974,63641,252909334,3974,252909334
WP-00736,PRJ-063,Waterproofing,SQM,5705,67,382235,5705,382235
WP-00737,PRJ-063,Plastering,SQM,9882,48,474336,9882,474336
WP-00738,PRJ-063,MEP First Fix,LS,231,327713,75701703,231,75701703
WP-00739,PRJ-063,Lean Concrete,CUM,7967,474,3776358,7967,3776358
WP-00740,PRJ-063,Backfilling,CUM,4723,61,288103,4723,288103
WP-00741,PRJ-063,Excavation,CUM,1453,147,213591,1453,213591
WP-00742,PRJ-064,Blockwork,SQM,7864,133,1045912,7864,1045912
WP-00743,PRJ-064,Tiling,SQM,8330,236,1965880,8330,1965880
WP-00744,PRJ-064,Lean Concrete,CUM,3068,448,1374464,3068,1374464
WP-00745,PRJ-064,MEP First Fix,LS,9786,429728,4205318208,9786,4205318208
WP-00746,PRJ-064,Plastering,SQM,2536,32,81152,2536,81152
WP-00747,PRJ-064,Fire Fighting,LS,2073,84680,175541640,2073,175541640
WP-00748,PRJ-064,Reinforcement Steel,TON,6674,3578,23879572,6674,23879572
WP-00749,PRJ-064,Structural Concrete,CUM,4586,898,4118228,4586,4118228
WP-00750,PRJ-064,Backfilling,CUM,2495,57,142215,2495,142215
WP-00751,PRJ-064,Waterproofing,SQM,389,79,30731,389,30731
WP-00752,PRJ-064,Painting,SQM,3370,17,57290,3370,57290
WP-00753,PRJ-064,Facade Cladding,SQM,934,789,736926,934,736926
WP-00754,PRJ-064,HVAC Installation,LS,6773,375236,2541473428,6773,2541473428
WP-00755,PRJ-064,Excavation,CUM,5120,139,711680,5120,711680
WP-00756,PRJ-065,Blockwork,SQM,6056,155,938680,5632,872972
WP-00757,PRJ-065,Formwork,SQM,5851,133,778183,5441,723710
WP-00758,PRJ-065,Waterproofing,SQM,4146,60,248760,3855,231346
WP-00759,PRJ-065,Facade Cladding,SQM,879,586,515094,817,479037
WP-00760,PRJ-065,Excavation,CUM,769,50,38450,715,35758
WP-00761,PRJ-065,Plastering,SQM,954,46,43884,887,40812
WP-00762,PRJ-065,Fire Fighting,LS,5369,105568,566794592,4993,527118970
WP-00763,PRJ-065,MEP First Fix,LS,4774,347494,1658936356,4439,1542810811
WP-00764,PRJ-065,Structural Concrete,CUM,4690,1110,5205900,4361,4841487
WP-00765,PRJ-065,Painting,SQM,1750,28,49000,1627,45570
WP-00766,PRJ-065,Lean Concrete,CUM,3128,464,1451392,2909,1349794
WP-00767,PRJ-066,MEP First Fix,LS,3541,406355,1438903055,3541,1438903055
WP-00768,PRJ-066,Formwork,SQM,6392,91,581672,6392,581672
WP-00769,PRJ-066,Structural Concrete,CUM,1842,866,1595172,1842,1595172
WP-00770,PRJ-066,Backfilling,CUM,9960,37,368520,9960,368520
WP-00771,PRJ-066,MEP Second Fix,LS,772,387527,299170844,772,299170844
WP-00772,PRJ-066,Painting,SQM,3220,21,67620,3220,67620
WP-00773,PRJ-066,Excavation,CUM,7403,62,458986,7403,458986
WP-00774,PRJ-066,Plastering,SQM,1326,42,55692,1326,55692
WP-00775,PRJ-066,Lean Concrete,CUM,5718,477,2727486,5718,2727486
WP-00776,PRJ-066,Blockwork,SQM,7869,145,1141005,7869,1141005
WP-00777,PRJ-066,Waterproofing,SQM,8841,86,760326,8841,760326
WP-00778,PRJ-066,HVAC Installation,LS,2617,122969,321809873,2617,321809873
WP-00779,PRJ-066,Fire Fighting,LS,2194,100254,219957276,2194,219957276
WP-00780,PRJ-066,Tiling,SQM,6951,220,1529220,6951,1529220
WP-00781,PRJ-066,Facade Cladding,SQM,4237,1177,4986949,4237,4986949
WP-00782,PRJ-067,MEP First Fix,LS,9916,243732,2416846512,9916,2416846512
WP-00783,PRJ-067,Blockwork,SQM,2212,157,347284,2212,347284
WP-00784,PRJ-067,Painting,SQM,844,33,27852,844,27852
WP-00785,PRJ-067,Facade Cladding,SQM,1096,1110,1216560,1096,1216560
WP-00786,PRJ-067,Backfilling,CUM,3216,77,247632,3216,247632
WP-00787,PRJ-067,Waterproofing,SQM,6612,71,469452,6612,469452
WP-00788,PRJ-067,MEP Second Fix,LS,8823,349215,3081123945,8823,3081123945
WP-00789,PRJ-067,HVAC Installation,LS,1328,186779,248042512,1328,248042512
WP-00790,PRJ-067,Fire Fighting,LS,7272,183504,1334441088,7272,1334441088
WP-00791,PRJ-067,Structural Concrete,CUM,6393,1087,6949191,6393,6949191
WP-00792,PRJ-067,Plastering,SQM,6493,37,240241,6493,240241
WP-00793,PRJ-067,Excavation,CUM,4548,76,345648,4548,345648
WP-00794,PRJ-067,Tiling,SQM,3115,80,249200,3115,249200
WP-00795,PRJ-068,Waterproofing,SQM,3709,58,215122,2225,129073
WP-00796,PRJ-068,Tiling,SQM,4499,221,994279,2699,596567
WP-00797,PRJ-068,MEP First Fix,LS,2051,189710,389095210,1230,233457126
WP-00798,PRJ-068,Excavation,CUM,3768,55,207240,2260,124344
WP-00799,PRJ-068,Plastering,SQM,8841,32,282912,5304,169747
WP-00800,PRJ-068,Blockwork,SQM,4881,125,610125,2928,366075
WP-00801,PRJ-068,Fire Fighting,LS,2527,122812,310345924,1516,186207554
WP-00802,PRJ-068,HVAC Installation,LS,2278,241785,550786230,1366,330471738
WP-00803,PRJ-068,Structural Concrete,CUM,944,1128,1064832,566,638899
WP-00804,PRJ-068,Lean Concrete,CUM,4179,453,1893087,2507,1135852
WP-00805,PRJ-069,Excavation,CUM,2289,102,233478,2289,233478
WP-00806,PRJ-069,Painting,SQM,4931,25,123275,4931,123275
WP-00807,PRJ-069,Formwork,SQM,1038,81,84078,1038,84078
WP-00808,PRJ-069,HVAC Installation,LS,5924,214965,1273452660,5924,1273452660
WP-00809,PRJ-069,Tiling,SQM,4682,125,585250,4682,585250
WP-00810,PRJ-069,Fire Fighting,LS,4294,54099,232301106,4294,232301106
WP-00811,PRJ-069,MEP Second Fix,LS,8904,385796,3435127584,8904,3435127584
WP-00812,PRJ-069,Backfilling,CUM,1843,76,140068,1843,140068
WP-00813,PRJ-069,Structural Concrete,CUM,6358,1134,7209972,6358,7209972
WP-00814,PRJ-070,Waterproofing,SQM,6139,49,300811,5156,252681
WP-00815,PRJ-070,Fire Fighting,LS,7948,74560,592602880,6676,497786419
WP-00816,PRJ-070,Blockwork,SQM,8225,143,1176175,6909,987987
WP-00817,PRJ-070,Reinforcement Steel,TON,7626,3878,29573628,6405,24841847
WP-00818,PRJ-070,Formwork,SQM,2985,104,310440,2507,260769
WP-00819,PRJ-070,Structural Concrete,CUM,9433,1051,9914083,7923,8327829
WP-00820,PRJ-070,MEP Second Fix,LS,3055,227872,696148960,2566,584765126
WP-00821,PRJ-070,Facade Cladding,SQM,444,717,318348,372,267412
WP-00822,PRJ-070,Lean Concrete,CUM,2769,445,1232205,2325,1035052
WP-00823,PRJ-070,Tiling,SQM,6558,235,1541130,5508,1294549
WP-00824,PRJ-070,Backfilling,CUM,3177,34,108018,2668,90735
WP-00825,PRJ-070,Plastering,SQM,2451,27,66177,2058,55588
WP-00826,PRJ-071,Blockwork,SQM,816,136,110976,432,58817
WP-00827,PRJ-071,Facade Cladding,SQM,4168,1188,4951584,2209,2624339
WP-00828,PRJ-071,Painting,SQM,1469,23,33787,778,17907
WP-00829,PRJ-071,Waterproofing,SQM,2436,100,243600,1291,129108
WP-00830,PRJ-071,Backfilling,CUM,9924,30,297720,5259,157791
WP-00831,PRJ-071,Plastering,SQM,253,50,12650,134,6704
WP-00832,PRJ-071,Lean Concrete,CUM,1842,538,990996,976,525227
WP-00833,PRJ-071,Excavation,CUM,5644,140,790160,2991,418784
WP-00834,PRJ-071,MEP First Fix,LS,1492,206074,307462408,790,162955076
WP-00835,PRJ-071,Reinforcement Steel,TON,2381,4483,10674023,1261,5657232
WP-00836,PRJ-071,MEP Second Fix,LS,9321,312954,2917044234,4940,1546033444
WP-00837,PRJ-071,Fire Fighting,LS,2772,130579,361964988,1469,191841443
WP-00838,PRJ-071,Structural Concrete,CUM,5535,1045,5784075,2933,3065559
WP-00839,PRJ-071,Formwork,SQM,2631,111,292041,1394,154781
WP-00840,PRJ-072,Plastering,SQM,4961,28,138908,4415,123628
WP-00841,PRJ-072,Painting,SQM,8481,28,237468,7548,211346
WP-00842,PRJ-072,Facade Cladding,SQM,2423,401,971623,2156,864744
WP-00843,PRJ-072,Backfilling,CUM,3775,31,117025,3359,104152
WP-00844,PRJ-072,Excavation,CUM,3813,104,396552,3393,352931
WP-00845,PRJ-072,MEP First Fix,LS,6414,177267,1136990538,5708,1011921578
WP-00846,PRJ-072,MEP Second Fix,LS,5888,230390,1356536320,5240,1207317324
WP-00847,PRJ-072,Fire Fighting,LS,3800,150858,573260400,3382,510201756
WP-00848,PRJ-073,Facade Cladding,SQM,2039,769,1567991,2039,1567991
WP-00849,PRJ-073,Lean Concrete,CUM,1489,411,611979,1489,611979
WP-00850,PRJ-073,Backfilling,CUM,2575,41,105575,2575,105575
WP-00851,PRJ-073,Reinforcement Steel,TON,7122,4586,32661492,7122,32661492
WP-00852,PRJ-073,Fire Fighting,LS,5586,97543,544875198,5586,544875198
WP-00853,PRJ-073,Structural Concrete,CUM,7067,876,6190692,7067,6190692
WP-00854,PRJ-073,Formwork,SQM,5040,116,584640,5040,584640
WP-00855,PRJ-073,MEP First Fix,LS,5807,154485,897094395,5807,897094395
WP-00856,PRJ-073,Tiling,SQM,4541,207,939987,4541,939987
WP-00857,PRJ-074,Plastering,SQM,1202,28,33656,1202,33656
WP-00858,PRJ-074,MEP Second Fix,LS,9567,304108,2909401236,9567,2909401236
WP-00859,PRJ-074,MEP First Fix,LS,4662,175847,819798714,4662,819798714
WP-00860,PRJ-074,HVAC Installation,LS,1581,269373,425878713,1581,425878713
WP-00861,PRJ-074,Backfilling,CUM,2189,41,89749,2189,89749
WP-00862,PRJ-074,Excavation,CUM,6408,95,608760,6408,608760
WP-00863,PRJ-074,Lean Concrete,CUM,5331,526,2804106,5331,2804106
WP-00864,PRJ-074,Tiling,SQM,7044,203,1429932,7044,1429932
WP-00865,PRJ-074,Formwork,SQM,6882,122,839604,6882,839604
WP-00866,PRJ-074,Fire Fighting,LS,2364,114463,270590532,2364,270590532
WP-00867,PRJ-074,Reinforcement Steel,TON,6378,4357,27788946,6378,27788946
WP-00868,PRJ-074,Blockwork,SQM,9100,183,1665300,9100,1665300
WP-00869,PRJ-074,Structural Concrete,CUM,8926,1073,9577598,8926,9577598
WP-00870,PRJ-075,Blockwork,SQM,9248,180,1664640,9248,1664640
WP-00871,PRJ-075,Waterproofing,SQM,2288,98,224224,2288,224224
WP-00872,PRJ-075,Backfilling,CUM,1904,33,62832,1904,62832
WP-00873,PRJ-075,Tiling,SQM,5823,172,1001556,5823,1001556
WP-00874,PRJ-075,MEP First Fix,LS,2383,254506,606487798,2383,606487798
WP-00875,PRJ-075,HVAC Installation,LS,7643,175570,1341881510,7643,1341881510
WP-00876,PRJ-075,Plastering,SQM,9135,38,347130,9135,347130
WP-00877,PRJ-075,Reinforcement Steel,TON,4073,3931,16010963,4073,16010963
WP-00878,PRJ-075,Fire Fighting,LS,3779,64644,244289676,3779,244289676
WP-00879,PRJ-075,Facade Cladding,SQM,2357,520,1225640,2357,1225640
WP-00880,PRJ-075,Lean Concrete,CUM,2444,496,1212224,2444,1212224
WP-00881,PRJ-075,Excavation,CUM,531,139,73809,531,73809
WP-00882,PRJ-075,Painting,SQM,7058,26,183508,7058,183508
WP-00883,PRJ-075,Structural Concrete,CUM,986,1159,1142774,986,1142774
WP-00884,PRJ-075,MEP Second Fix,LS,1836,384929,706729644,1836,706729644
WP-00885,PRJ-076,Facade Cladding,SQM,4114,478,1966492,2427,1160230
WP-00886,PRJ-076,Fire Fighting,LS,304,199207,60558928,179,35729767
WP-00887,PRJ-076,Tiling,SQM,6923,118,816914,4084,481979
WP-00888,PRJ-076,Lean Concrete,CUM,3088,520,1605760,1821,947398
WP-00889,PRJ-076,Excavation,CUM,2395,145,347275,1413,204892
WP-00890,PRJ-076,MEP Second Fix,LS,8741,237028,2071861748,5157,1222398431
WP-00891,PRJ-076,Formwork,SQM,7803,132,1029996,4603,607697
WP-00892,PRJ-076,Painting,SQM,5626,29,163154,3319,96260
WP-00893,PRJ-076,Backfilling,CUM,316,48,15168,186,8949
WP-00894,PRJ-077,Structural Concrete,CUM,6594,1016,6699504,2769,2813791
WP-00895,PRJ-077,Excavation,CUM,7543,120,905160,3168,380167
WP-00896,PRJ-077,Painting,SQM,4327,33,142791,1817,59972
WP-00897,PRJ-077,HVAC Installation,LS,8322,260449,2167456578,3495,910331762
WP-00898,PRJ-077,Tiling,SQM,3824,188,718912,1606,301943
WP-00899,PRJ-077,Lean Concrete,CUM,2669,469,1251761,1120,525739
WP-00900,PRJ-077,Plastering,SQM,1606,41,65846,674,27655
WP-00901,PRJ-077,Fire Fighting,LS,6285,82802,520410570,2639,218572439
WP-00902,PRJ-077,MEP Second Fix,LS,3571,289926,1035325746,1499,434836813
WP-00903,PRJ-078,Blockwork,SQM,7921,160,1267360,7921,1267360
WP-00904,PRJ-078,Waterproofing,SQM,6737,92,619804,6737,619804
WP-00905,PRJ-078,Lean Concrete,CUM,6333,442,2799186,6333,2799186
WP-00906,PRJ-078,MEP First Fix,LS,995,294761,293287195,995,293287195
WP-00907,PRJ-078,Plastering,SQM,7050,31,218550,7050,218550
WP-00908,PRJ-078,Tiling,SQM,4522,107,483854,4522,483854
WP-00909,PRJ-078,Backfilling,CUM,1810,34,61540,1810,61540
WP-00910,PRJ-078,Facade Cladding,SQM,6042,1017,6144714,6042,6144714
WP-00911,PRJ-079,Excavation,CUM,630,80,50400,630,50400
WP-00912,PRJ-079,Reinforcement Steel,TON,4510,3674,16569740,4510,16569740
WP-00913,PRJ-079,Structural Concrete,CUM,9440,1089,10280160,9440,10280160
WP-00914,PRJ-079,Lean Concrete,CUM,835,544,454240,835,454240
WP-00915,PRJ-079,Plastering,SQM,8026,26,208676,8026,208676
WP-00916,PRJ-079,Backfilling,CUM,887,50,44350,887,44350
WP-00917,PRJ-079,Painting,SQM,1627,24,39048,1627,39048
WP-00918,PRJ-079,HVAC Installation,LS,238,286986,68302668,238,68302668
WP-00919,PRJ-079,Facade Cladding,SQM,4726,807,3813882,4726,3813882
WP-00920,PRJ-079,Waterproofing,SQM,8295,52,431340,8295,431340
WP-00921,PRJ-079,MEP Second Fix,LS,5252,284808,1495811616,5252,1495811616
WP-00922,PRJ-079,Tiling,SQM,5930,113,670090,5930,670090
WP-00923,PRJ-079,Fire Fighting,LS,1695,136853,231965835,1695,231965835
WP-00924,PRJ-080,Reinforcement Steel,TON,7687,3661,28142107,6918,25327896
WP-00925,PRJ-080,Plastering,SQM,1628,47,76516,1465,68864
WP-00926,PRJ-080,MEP Second Fix,LS,3894,193061,751779534,3504,676601580
WP-00927,PRJ-080,Fire Fighting,LS,2407,92217,221966319,2166,199769687
WP-00928,PRJ-080,Lean Concrete,CUM,8318,532,4425176,7486,3982658
WP-00929,PRJ-080,Excavation,CUM,8673,148,1283604,7805,1155243
WP-00930,PRJ-080,Tiling,SQM,5693,194,1104442,5123,993997
WP-00931,PRJ-080,Waterproofing,SQM,2249,61,137189,2024,123470
WP-00932,PRJ-080,Blockwork,SQM,4865,166,807590,4378,726831
WP-00933,PRJ-080,Structural Concrete,CUM,7159,820,5870380,6443,5283342
WP-00934,PRJ-080,Painting,SQM,6450,22,141900,5805,127710
WP-00935,PRJ-080,MEP First Fix,LS,3521,420018,1478883378,3168,1330995040
WP-00936,PRJ-080,Backfilling,CUM,1328,39,51792,1195,46612
WP-00937,PRJ-080,Formwork,SQM,9388,143,1342484,8449,1208235
WP-00938,PRJ-081,Excavation,CUM,5239,71,371969,5239,371969
WP-00939,PRJ-081,Lean Concrete,CUM,4943,441,2179863,4943,2179863
WP-00940,PRJ-081,MEP Second Fix,LS,1216,226862,275864192,1216,275864192
WP-00941,PRJ-081,Structural Concrete,CUM,9545,986,9411370,9545,9411370
WP-00942,PRJ-081,Plastering,SQM,5889,27,159003,5889,159003
WP-00943,PRJ-081,Backfilling,CUM,1265,41,51865,1265,51865
WP-00944,PRJ-081,Blockwork,SQM,7648,153,1170144,7648,1170144
WP-00945,PRJ-081,Painting,SQM,7853,23,180619,7853,180619
WP-00946,PRJ-081,Tiling,SQM,7342,246,1806132,7342,1806132
WP-00947,PRJ-082,Reinforcement Steel,TON,6108,4549,27785292,6108,27785292
WP-00948,PRJ-082,Tiling,SQM,5238,175,916650,5238,916650
WP-00949,PRJ-082,Blockwork,SQM,1467,172,252324,1467,252324
WP-00950,PRJ-082,Excavation,CUM,8389,107,897623,8389,897623
WP-00951,PRJ-082,Formwork,SQM,4406,85,374510,4406,374510
WP-00952,PRJ-082,Structural Concrete,CUM,1034,1179,1219086,1034,1219086
WP-00953,PRJ-082,Waterproofing,SQM,4111,84,345324,4111,345324
WP-00954,PRJ-082,HVAC Installation,LS,9288,104164,967475232,9288,967475232
WP-00955,PRJ-082,Lean Concrete,CUM,2632,426,1121232,2632,1121232
WP-00956,PRJ-082,Facade Cladding,SQM,4862,784,3811808,4862,3811808
WP-00957,PRJ-083,MEP Second Fix,LS,8867,323716,2870389772,8867,2870389772
WP-00958,PRJ-083,Fire Fighting,LS,1887,72497,136801839,1887,136801839
WP-00959,PRJ-083,Backfilling,CUM,3053,76,232028,3053,232028
WP-00960,PRJ-083,Reinforcement Steel,TON,1875,4312,8085000,1875,8085000
WP-00961,PRJ-083,Waterproofing,SQM,7196,52,374192,7196,374192
WP-00962,PRJ-083,Blockwork,SQM,6678,162,1081836,6678,1081836
WP-00963,PRJ-083,HVAC Installation,LS,1156,266348,307898288,1156,307898288
WP-00964,PRJ-083,Formwork,SQM,5710,142,810820,5710,810820
WP-00965,PRJ-083,Painting,SQM,3583,37,132571,3583,132571
WP-00966,PRJ-083,Facade Cladding,SQM,7902,517,4085334,7902,4085334
WP-00967,PRJ-084,HVAC Installation,LS,6022,513956,3095043032,6022,3095043032
WP-00968,PRJ-084,Excavation,CUM,7146,110,786060,7146,786060
WP-00969,PRJ-084,Plastering,SQM,3596,26,93496,3596,93496
WP-00970,PRJ-084,Lean Concrete,CUM,3565,405,1443825,3565,1443825
WP-00971,PRJ-084,Blockwork,SQM,7029,154,1082466,7029,1082466
WP-00972,PRJ-084,MEP Second Fix,LS,4229,172330,728783570,4229,728783570
WP-00973,PRJ-084,Reinforcement Steel,TON,1469,3790,5567510,1469,5567510
WP-00974,PRJ-084,Formwork,SQM,1234,115,141910,1234,141910
WP-00975,PRJ-084,Facade Cladding,SQM,6736,483,3253488,6736,3253488
WP-00976,PRJ-084,Structural Concrete,CUM,4987,1164,5804868,4987,5804868
WP-00977,PRJ-084,Tiling,SQM,7496,187,1401752,7496,1401752
WP-00978,PRJ-084,MEP First Fix,LS,8697,212252,1845955644,8697,1845955644
WP-00979,PRJ-085,Formwork,SQM,7890,148,1167720,1735,256898
WP-00980,PRJ-085,Fire Fighting,LS,2732,164500,449414000,601,98871080
WP-00981,PRJ-085,Excavation,CUM,5911,138,815718,1300,179457
WP-00982,PRJ-085,Backfilling,CUM,9444,54,509976,2077,112194
WP-00983,PRJ-085,Waterproofing,SQM,262,75,19650,57,4323
WP-00984,PRJ-085,Facade Cladding,SQM,9883,603,5959449,2174,1311078
WP-00985,PRJ-085,Structural Concrete,CUM,1374,1170,1607580,302,353667
WP-00986,PRJ-085,Lean Concrete,CUM,9577,557,5334389,2106,1173565
WP-00987,PRJ-085,Reinforcement Steel,TON,2469,4163,10278447,543,2261258
WP-00988,PRJ-085,Plastering,SQM,5285,25,132125,1162,29067
WP-00989,PRJ-085,Blockwork,SQM,2565,178,456570,564,100445
WP-00990,PRJ-085,Painting,SQM,2516,30,75480,553,16605
WP-00991,PRJ-086,Reinforcement Steel,TON,697,3947,2751059,697,2751059
WP-00992,PRJ-086,MEP Second Fix,LS,3174,300293,953129982,3174,953129982
WP-00993,PRJ-086,Painting,SQM,9047,39,352833,9047,352833
WP-00994,PRJ-086,Waterproofing,SQM,2821,78,220038,2821,220038
WP-00995,PRJ-086,Structural Concrete,CUM,6285,910,5719350,6285,5719350
WP-00996,PRJ-086,Plastering,SQM,5803,31,179893,5803,179893
WP-00997,PRJ-086,Excavation,CUM,3231,136,439416,3231,439416
WP-00998,PRJ-086,Blockwork,SQM,9550,121,1155550,9550,1155550
WP-00999,PRJ-086,Lean Concrete,CUM,6166,493,3039838,6166,3039838
WP-01000,PRJ-086,Formwork,SQM,365,118,43070,365,43070
WP-01001,PRJ-086,Facade Cladding,SQM,5129,914,4687906,5129,4687906
WP-01002,PRJ-086,MEP First Fix,LS,2143,466643,1000015949,2143,1000015949
WP-01003,PRJ-086,Tiling,SQM,8277,246,2036142,8277,2036142
WP-01004,PRJ-087,Fire Fighting,LS,8992,164262,1477043904,8992,1477043904
WP-01005,PRJ-087,Waterproofing,SQM,6351,58,368358,6351,368358
WP-01006,PRJ-087,Formwork,SQM,7267,116,842972,7267,842972
WP-01007,PRJ-087,Facade Cladding,SQM,1725,489,843525,1725,843525
WP-01008,PRJ-087,Plastering,SQM,1800,27,48600,1800,48600
WP-01009,PRJ-087,HVAC Installation,LS,369,423097,156122793,369,156122793
WP-01010,PRJ-087,MEP First Fix,LS,6838,154355,1055479490,6838,1055479490
WP-01011,PRJ-087,MEP Second Fix,LS,8233,365597,3009960101,8233,3009960101
WP-01012,PRJ-087,Backfilling,CUM,1733,70,121310,1733,121310
WP-01013,PRJ-087,Blockwork,SQM,7376,184,1357184,7376,1357184
WP-01014,PRJ-087,Reinforcement Steel,TON,9622,3566,34312052,9622,34312052
WP-01015,PRJ-087,Tiling,SQM,4849,187,906763,4849,906763
WP-01016,PRJ-087,Lean Concrete,CUM,3571,457,1631947,3571,1631947
WP-01017,PRJ-087,Excavation,CUM,7548,120,905760,7548,905760
WP-01018,PRJ-087,Structural Concrete,CUM,6343,858,5442294,6343,5442294
WP-01019,PRJ-088,Facade Cladding,SQM,8415,690,5806350,1009,696762
WP-01020,PRJ-088,Backfilling,CUM,4484,72,322848,538,38741
WP-01021,PRJ-088,Formwork,SQM,4433,119,527527,531,63303
WP-01022,PRJ-088,MEP Second Fix,LS,6894,206644,1424603736,827,170952448
WP-01023,PRJ-088,Blockwork,SQM,168,173,29064,20,3487
WP-01024,PRJ-088,Waterproofing,SQM,635,40,25400,76,3048
WP-01025,PRJ-088,Painting,SQM,530,19,10070,63,1208
WP-01026,PRJ-088,Excavation,CUM,6234,116,723144,748,86777
WP-01027,PRJ-088,Fire Fighting,LS,9929,133223,1322771167,1191,158732540
WP-01028,PRJ-088,Tiling,SQM,5590,123,687570,670,82508
WP-01029,PRJ-088,HVAC Installation,LS,9474,325454,3083351196,1136,370002143
WP-01030,PRJ-089,MEP Second Fix,LS,2946,291350,858317100,1384,403409037
WP-01031,PRJ-089,Reinforcement Steel,TON,5312,4559,24217408,2496,11382181
WP-01032,PRJ-089,Tiling,SQM,2695,191,514745,1266,241930
WP-01033,PRJ-089,Painting,SQM,3884,18,69912,1825,32858
WP-01034,PRJ-089,Waterproofing,SQM,2169,72,156168,1019,73398
WP-01035,PRJ-089,Excavation,CUM,2039,130,265070,958,124582
WP-01036,PRJ-089,Fire Fighting,LS,9552,152763,1459192176,4489,685820322
WP-01037,PRJ-089,MEP First Fix,LS,4363,389881,1701050803,2050,799493877
WP-01038,PRJ-089,Lean Concrete,CUM,2705,482,1303810,1271,612790
WP-01039,PRJ-089,Formwork,SQM,3438,91,312858,1615,147043
WP-01040,PRJ-089,HVAC Installation,LS,1628,113442,184683576,765,86801280
WP-01041,PRJ-090,Excavation,CUM,5967,73,435591,5967,435591
WP-01042,PRJ-090,Painting,SQM,4027,35,140945,4027,140945
WP-01043,PRJ-090,MEP Second Fix,LS,3733,235672,879763576,3733,879763576
WP-01044,PRJ-090,Tiling,SQM,3275,217,710675,3275,710675
WP-01045,PRJ-090,Lean Concrete,CUM,4118,585,2409030,4118,2409030
WP-01046,PRJ-090,Facade Cladding,SQM,6294,1188,7477272,6294,7477272
WP-01047,PRJ-090,Fire Fighting,LS,4367,63565,277588355,4367,277588355
WP-01048,PRJ-090,Plastering,SQM,4605,27,124335,4605,124335
WP-01049,PRJ-090,Backfilling,CUM,2455,70,171850,2455,171850
WP-01050,PRJ-090,Structural Concrete,CUM,479,1126,539354,479,539354
WP-01051,PRJ-090,Reinforcement Steel,TON,9592,3711,35595912,9592,35595912
WP-01052,PRJ-090,HVAC Installation,LS,1917,340715,653150655,1917,653150655
WP-01053,PRJ-090,Blockwork,SQM,9863,135,1331505,9863,1331505
WP-01054,PRJ-090,Formwork,SQM,1854,98,181692,1854,181692
WP-01055,PRJ-091,Plastering,SQM,6878,27,185706,1031,27855
WP-01056,PRJ-091,HVAC Installation,LS,8071,428037,3454686627,1210,518202994
WP-01057,PRJ-091,Lean Concrete,CUM,1350,453,611550,202,91732
WP-01058,PRJ-091,Backfilling,CUM,6979,54,376866,1046,56529
WP-01059,PRJ-091,MEP Second Fix,LS,5237,316390,1656934430,785,248540164
WP-01060,PRJ-091,Blockwork,SQM,2739,143,391677,410,58751
WP-01061,PRJ-091,Formwork,SQM,4994,81,404514,749,60677
WP-01062,PRJ-091,Reinforcement Steel,TON,3027,4850,14680950,454,2202142
WP-01063,PRJ-091,Waterproofing,SQM,9394,80,751520,1409,112728
WP-01064,PRJ-091,Excavation,CUM,615,65,39975,92,5996
WP-01065,PRJ-091,Facade Cladding,SQM,5716,755,4315580,857,647337
WP-01066,PRJ-091,Painting,SQM,8028,34,272952,1204,40942
WP-01067,PRJ-092,Formwork,SQM,8881,82,728242,2930,240319
WP-01068,PRJ-092,Plastering,SQM,8586,41,352026,2833,116168
WP-01069,PRJ-092,MEP First Fix,LS,2596,213406,554001976,856,182820652
WP-01070,PRJ-092,Structural Concrete,CUM,6078,858,5214924,2005,1720924
WP-01071,PRJ-092,Backfilling,CUM,3654,31,113274,1205,37380
WP-01072,PRJ-092,Reinforcement Steel,TON,5466,3783,20677878,1803,6823699
WP-01073,PRJ-092,Tiling,SQM,3700,101,373700,1221,123321
WP-01074,PRJ-092,Excavation,CUM,2173,84,182532,717,60235
WP-01075,PRJ-093,Facade Cladding,SQM,3263,656,2140528,3263,2140528
WP-01076,PRJ-093,Reinforcement Steel,TON,2933,3905,11453365,2933,11453365
WP-01077,PRJ-093,Backfilling,CUM,4705,55,258775,4705,258775
WP-01078,PRJ-093,Formwork,SQM,1785,119,212415,1785,212415
WP-01079,PRJ-093,MEP First Fix,LS,2814,207915,585072810,2814,585072810
WP-01080,PRJ-093,Plastering,SQM,8092,38,307496,8092,307496
WP-01081,PRJ-093,Structural Concrete,CUM,7409,1016,7527544,7409,7527544
WP-01082,PRJ-093,Blockwork,SQM,9870,154,1519980,9870,1519980
WP-01083,PRJ-093,Painting,SQM,5322,34,180948,5322,180948
WP-01084,PRJ-093,HVAC Installation,LS,1862,418397,779055214,1862,779055214
WP-01085,PRJ-093,Tiling,SQM,6375,189,1204875,6375,1204875
WP-01086,PRJ-093,Waterproofing,SQM,3372,76,256272,3372,256272
WP-01087,PRJ-094,MEP First Fix,LS,6625,115697,766492625,6625,766492625
WP-01088,PRJ-094,HVAC Installation,LS,1978,194321,384366938,1978,384366938
WP-01089,PRJ-094,Painting,SQM,5386,28,150808,5386,150808
WP-01090,PRJ-094,Backfilling,CUM,3146,52,163592,3146,163592
WP-01091,PRJ-094,Blockwork,SQM,4119,129,531351,4119,531351
WP-01092,PRJ-094,Lean Concrete,CUM,3625,568,2059000,3625,2059000
WP-01093,PRJ-094,Excavation,CUM,6189,97,600333,6189,600333
WP-01094,PRJ-094,Plastering,SQM,2476,49,121324,2476,121324
WP-01095,PRJ-094,Structural Concrete,CUM,5251,862,4526362,5251,4526362
WP-01096,PRJ-094,Facade Cladding,SQM,257,726,186582,257,186582
WP-01097,PRJ-094,Reinforcement Steel,TON,278,4968,1381104,278,1381104
WP-01098,PRJ-094,Fire Fighting,LS,5488,106039,581942032,5488,581942032
WP-01099,PRJ-094,Waterproofing,SQM,7724,76,587024,7724,587024
WP-01100,PRJ-095,Blockwork,SQM,9503,173,1644019,9503,1644019
WP-01101,PRJ-095,Plastering,SQM,7230,35,253050,7230,253050
WP-01102,PRJ-095,Backfilling,CUM,5344,42,224448,5344,224448
WP-01103,PRJ-095,Waterproofing,SQM,3329,43,143147,3329,143147
WP-01104,PRJ-095,Structural Concrete,CUM,8192,1055,8642560,8192,8642560
WP-01105,PRJ-095,Tiling,SQM,866,150,129900,866,129900
WP-01106,PRJ-095,Reinforcement Steel,TON,7001,3744,26211744,7001,26211744
WP-01107,PRJ-095,HVAC Installation,LS,2133,337389,719650737,2133,719650737
WP-01108,PRJ-095,Painting,SQM,2903,34,98702,2903,98702
WP-01109,PRJ-095,Excavation,CUM,5455,125,681875,5455,681875
WP-01110,PRJ-095,MEP First Fix,LS,6372,223953,1427028516,6372,1427028516
WP-01111,PRJ-095,Lean Concrete,CUM,9543,405,3864915,9543,3864915
WP-01112,PRJ-095,MEP Second Fix,LS,4770,89351,426204270,4770,426204270
WP-01113,PRJ-096,HVAC Installation,LS,5627,438048,2464896096,5627,2464896096
WP-01114,PRJ-096,Structural Concrete,CUM,366,835,305610,366,305610
WP-01115,PRJ-096,Lean Concrete,CUM,7798,424,3306352,7798,3306352
WP-01116,PRJ-096,Waterproofing,SQM,6900,86,593400,6900,593400
WP-01117,PRJ-096,Excavation,CUM,5031,85,427635,5031,427635
WP-01118,PRJ-096,Plastering,SQM,5296,49,259504,5296,259504
WP-01119,PRJ-096,Painting,SQM,5765,27,155655,5765,155655
WP-01120,PRJ-096,MEP First Fix,LS,1406,391740,550786440,1406,550786440
WP-01121,PRJ-097,Facade Cladding,SQM,883,410,362030,883,362030
WP-01122,PRJ-097,Tiling,SQM,2373,106,251538,2373,251538
WP-01123,PRJ-097,Excavation,CUM,5389,138,743682,5389,743682
WP-01124,PRJ-097,Waterproofing,SQM,7238,54,390852,7238,390852
WP-01125,PRJ-097,Structural Concrete,CUM,2888,845,2440360,2888,2440360
WP-01126,PRJ-097,Blockwork,SQM,3231,167,539577,3231,539577
WP-01127,PRJ-097,Painting,SQM,8907,15,133605,8907,133605
WP-01128,PRJ-097,Backfilling,CUM,960,46,44160,960,44160
WP-01129,PRJ-097,Formwork,SQM,805,94,75670,805,75670
WP-01130,PRJ-097,MEP First Fix,LS,886,259535,229948010,886,229948010
WP-01131,PRJ-097,Fire Fighting,LS,1329,119134,158329086,1329,158329086
WP-01132,PRJ-097,HVAC Installation,LS,5495,460669,2531376155,5495,2531376155
WP-01133,PRJ-097,Plastering,SQM,6318,33,208494,6318,208494
WP-01134,PRJ-098,Structural Concrete,CUM,2104,1067,2244968,2104,2244968
WP-01135,PRJ-098,Tiling,SQM,8744,141,1232904,8744,1232904
WP-01136,PRJ-098,Blockwork,SQM,9568,181,1731808,9568,1731808
WP-01137,PRJ-098,Backfilling,CUM,8129,47,382063,8129,382063
WP-01138,PRJ-098,Lean Concrete,CUM,5374,597,3208278,5374,3208278
WP-01139,PRJ-098,Formwork,SQM,8008,108,864864,8008,864864
WP-01140,PRJ-098,MEP First Fix,LS,1604,238313,382254052,1604,382254052
WP-01141,PRJ-098,Waterproofing,SQM,4953,85,421005,4953,421005
WP-01142,PRJ-098,Fire Fighting,LS,1456,142539,207536784,1456,207536784
WP-01143,PRJ-098,Painting,SQM,9250,22,203500,9250,203500
WP-01144,PRJ-099,Lean Concrete,CUM,1812,487,882444,1812,882444
WP-01145,PRJ-099,Backfilling,CUM,3518,67,235706,3518,235706
WP-01146,PRJ-099,Blockwork,SQM,8744,185,1617640,8744,1617640
WP-01147,PRJ-099,Excavation,CUM,5234,147,769398,5234,769398
WP-01148,PRJ-099,Reinforcement Steel,TON,5208,4951,25784808,5208,25784808
WP-01149,PRJ-099,MEP Second Fix,LS,7538,160739,1211650582,7538,1211650582
WP-01150,PRJ-099,MEP First Fix,LS,8365,155396,1299887540,8365,1299887540
WP-01151,PRJ-099,Fire Fighting,LS,2230,107353,239397190,2230,239397190
WP-01152,PRJ-099,Waterproofing,SQM,6057,64,387648,6057,387648
WP-01153,PRJ-099,HVAC Installation,LS,7512,555007,4169212584,7512,4169212584
WP-01154,PRJ-099,Tiling,SQM,8512,131,1115072,8512,1115072
WP-01155,PRJ-100,Waterproofing,SQM,7650,51,390150,7650,390150
WP-01156,PRJ-100,Backfilling,CUM,4470,31,138570,4470,138570
WP-01157,PRJ-100,Structural Concrete,CUM,7902,1138,8992476,7902,8992476
WP-01158,PRJ-100,Facade Cladding,SQM,8798,863,7592674,8798,7592674
WP-01159,PRJ-100,Lean Concrete,CUM,5866,467,2739422,5866,2739422
WP-01160,PRJ-100,Painting,SQM,2038,32,65216,2038,65216
WP-01161,PRJ-100,Fire Fighting,LS,1477,142910,211078070,1477,211078070
WP-01162,PRJ-100,HVAC Installation,LS,7169,211183,1513970927,7169,1513970927
WP-01163,PRJ-100,MEP First Fix,LS,2567,308104,790902968,2567,790902968
WP-01164,PRJ-100,Reinforcement Steel,TON,8327,4382,36488914,8327,36488914
WP-01165,PRJ-100,Excavation,CUM,8421,92,774732,8421,774732
WP-01166,PRJ-100,Formwork,SQM,970,136,131920,970,131920
WP-01167,PRJ-100,Plastering,SQM,4566,36,164376,4566,164376
WP-01168,PRJ-100,Tiling,SQM,1702,92,156584,1702,156584
